#,Company,Ticker,Weight,Price,Company Name,Market Cap,Revenue,Op. Income,Net Income,EPS,FCF,Sector,Industry,Long Name
1,Nvidia,NVDA,0.0765,181.99,NVIDIA Corporation,4338391930000.0,165218000000.0,95981000000.0,86597000000.0,3.52,72023000000.0,Technology,Semiconductors,NVIDIA Corporation
2,Microsoft,MSFT,0.0667,520.99,Microsoft Corporation,3801767276203.0,281724000000.0,128528000000.0,101832000000.0,13.64,71611000000.0,Technology,Software - Infrastructure,Microsoft Corporation
3,"Apple Inc,",AAPL,0.0597,233.28,Apple Inc.,3791126029400.0,408625000000.0,130214000000.0,99280000000.0,6.59,96184000000.0,Technology,Consumer Electronics,Apple Inc.
4,Amazon,AMZN,0.0427,232.14,"Amazon.com, Inc.",2343934380679.0,670038000000.0,76190000000.0,70623000000.0,6.56,51349000000.0,Consumer Cyclical,Internet Retail,"Amazon.com, Inc."
5,Meta Platforms,META,0.0339,783.78,"Meta Platforms, Inc.",1868445063231.0,178804000000.0,78710000000.0,71507000000.0,27.58,50137000000.0,Communication Services,Internet Content & Information,"Meta Platforms, Inc."
6,Broadcom,AVGO,0.0252,310.59,Broadcom Inc.,1571700874026.0,59926000000.0,22603000000.0,18932000000.0,3.92,24930000000.0,Technology,Semiconductors,Broadcom Inc.
7,"Alphabet Inc, (Class A)",GOOGL,0.0219,203.36,Alphabet Inc.,2981795821806.0,371399000000.0,121370000000.0,115573000000.0,9.38,66728000000.0,Communication Services,Internet Content & Information,Alphabet Inc.
8,"Alphabet Inc, (Class C)",GOOG,0.0206,204.34,Alphabet Inc.,2989536347992.0,371399000000.0,121370000000.0,115573000000.0,9.37,66728000000.0,Communication Services,Internet Content & Information,Alphabet Inc.
9,"Tesla, Inc,",TSLA,0.0186,334.28,"Tesla, Inc.",1420448259502.0,92720000000.0,5622000000.0,6065000000.0,1.73,5586000000.0,Consumer Cyclical,Auto Manufacturers,"Tesla, Inc."
11,JPMorgan Chase,JPM,0.0139,293.07,JPMorgan Chase & Co.,869087203095.0,175644000000.0,82941000000.0,55153000000.0,19.49,-148615000000.0,Financial Services,Banks - Diversified,JPMorgan Chase & Co.
12,Walmart,WMT,0.0139,100.85,Walmart Inc.,822479321746.0,693153000000.0,28988000000.0,21344000000.0,2.67,13934000000.0,Consumer Defensive,Discount Stores,Walmart Inc.
13,Oracle Corporation,ORCL,0.0118,244.32,Oracle Corporation,795191643900.0,59018000000.0,17964000000.0,12441000000.0,4.32,-5880000000.0,Technology,Software - Infrastructure,Oracle Corporation
14,"Visa Inc,",V,0.0115,345.0,Visa Inc.,650065937308.0,38893000000.0,24195000000.0,20286000000.0,10.24,22083000000.0,Financial Services,Credit Services,Visa Inc.
15,Lilly (Eli),LLY,0.0106,683.54,Eli Lilly and Company,651619849802.0,53258100000.0,16859600000.0,13799900000.0,15.3,4884900000.0,Healthcare,Drug Manufacturers - General,Eli Lilly and Company
16,Mastercard,MA,0.0091,581.95,Mastercard Incorporated,507076552822.0,30241000000.0,16868000000.0,13586000000.0,14.83,15867000000.0,Financial Services,Credit Services,Mastercard Incorporated
17,Netflix,NFLX,0.009,1234.48,"Netflix, Inc.",514420083731.0,41693183000.0,12303936000.0,10247880000.0,23.47,8500749000.0,Communication Services,Entertainment,"Netflix, Inc."
18,ExxonMobil,XOM,0.0079,107.22,Exxon Mobil Corporation,499737815802.0,338078000000.0,45998000000.0,31015000000.0,7.04,29123000000.0,Energy,Oil & Gas Integrated,Exxon Mobil Corporation
19,Costco,COST,0.0075,981.28,Costco Wholesale Corporation,406202758150.0,268776000000.0,10084000000.0,7843000000.0,17.63,7317000000.0,Consumer Defensive,Discount Stores,Costco Wholesale Corporation
20,Palantir Technologies,PLTR,0.0074,180.96,Palantir Technologies Inc.,403840628938.0,3440587000.0,569548000.0,763292000.0,0.3,1708704000.0,Technology,Software - Infrastructure,Palantir Technologies Inc.
21,Johnson & Johnson,JNJ,0.0073,175.13,Johnson & Johnson,432802578687.0,90627000000.0,21447000000.0,22661000000.0,9.35,18549000000.0,Healthcare,Drug Manufacturers - General,Johnson & Johnson
22,Home Depot (The),HD,0.0069,400.02,"The Home Depot, Inc.",408198110068.0,165054000000.0,21601000000.0,14629000000.0,14.71,14230000000.0,Consumer Cyclical,Home Improvement Retail,"The Home Depot, Inc."
23,AbbVie,ABBV,0.0062,204.9,AbbVie Inc.,389720416194.0,58328000000.0,10968000000.0,3763000000.0,2.1,18239000000.0,Healthcare,Drug Manufacturers - General,AbbVie Inc.
24,Procter & Gamble,PG,0.0062,153.6,The Procter & Gamble Company,357178912000.0,84284000000.0,20451000000.0,15974000000.0,6.51,14044000000.0,Consumer Defensive,Household & Personal Products,The Procter & Gamble Company
25,Bank of America,BAC,0.0061,47.6,Bank of America Corporation,386716719160.0,104521000000.0,36302000000.0,26594000000.0,3.41,-22678000000.0,Financial Services,Banks - Diversified,Bank of America Corporation
26,Chevron Corporation,CVX,0.0054,154.9,Chevron Corporation,322693951740.0,195327000000.0,23127000000.0,13716000000.0,7.77,24578000000.0,Energy,Oil & Gas Integrated,Chevron Corporation
27,Coca-Cola Company (The),KO,0.0052,69.53,The Coca-Cola Company,282621828439.0,47062000000.0,13158000000.0,12183000000.0,2.82,-690000000.0,Consumer Defensive,Beverages - Non-Alcoholic,The Coca-Cola Company
28,Advanced Micro Devices,AMD,0.005,180.39,"Advanced Micro Devices, Inc.",258778654648.0,29600000000.0,2267000000.0,2834000000.0,1.74,4043000000.0,Technology,Semiconductors,"Advanced Micro Devices, Inc."
29,GE Aerospace,GE,0.0049,270.87,General Electric Company,312808410377.0,41612000000.0,6925000000.0,7757000000.0,7.17,5544000000.0,Industrials,Aerospace & Defense,GE Aerospace
30,T-Mobile US,TMUS,0.0049,251.04,"T-Mobile US, Inc.",267253258954.0,84052000000.0,19439000000.0,12215000000.0,10.59,18573000000.0,Communication Services,Telecom Services,"T-Mobile US, Inc."
31,Cisco,CSCO,0.0047,69.42,"Cisco Systems, Inc.",265733899181.0,56654000000.0,11760000000.0,10180000000.0,2.55,13288000000.0,Technology,Communication Equipment,"Cisco Systems, Inc."
32,Philip Morris International,PM,0.0044,165.31,Philip Morris International Inc.,256666015778.0,39058000000.0,14169000000.0,8232000000.0,5.27,8989000000.0,Consumer Defensive,Tobacco,Philip Morris International Inc.
33,Wells Fargo,WFC,0.0044,79.45,Wells Fargo & Company,272324537177.0,81715000000.0,23381000000.0,19483000000.0,5.84,-9143000000.0,Financial Services,Banks - Diversified,Wells Fargo & Company
34,UnitedHealth Group,UNH,0.0042,270.76,UnitedHealth Group Incorporated,311624180890.0,422818000000.0,30750000000.0,21296000000.0,23.08,25271000000.0,Healthcare,Healthcare Plans,UnitedHealth Group Incorporated
35,Morgan Stanley,MS,0.0041,148.16,Morgan Stanley,255589317893.0,66137000000.0,19818000000.0,14141000000.0,8.83,-20941000000.0,Financial Services,Capital Markets,Morgan Stanley
36,Goldman Sachs,GS,0.0039,744.63,"The Goldman Sachs Group, Inc.",242936703541.0,56213000000.0,19849000000.0,14759000000.0,45.33,-23721000000.0,Financial Services,Capital Markets,"The Goldman Sachs Group, Inc."
37,Abbott Laboratories,ABT,0.0039,129.5,Abbott Laboratories,232438301320.0,43109000000.0,7515000000.0,13979000000.0,7.97,6775000000.0,Healthcare,Medical Devices,Abbott Laboratories
38,Linde plc,LIN,0.0039,477.08,Linde plc,222455371076.0,33245000000.0,8736000000.0,6714000000.0,14.07,5069000000.0,Basic Materials,Specialty Chemicals,Linde plc
39,Salesforce,CRM,0.0039,233.82,"Salesforce, Inc.",233086216988.0,39502000000.0,7987000000.0,6663000000.0,6.89,12497000000.0,Technology,Software - Application,"Salesforce, Inc."
40,IBM,IBM,0.0038,237.65,International Business Machines Corporation,264840235693.0,64040000000.0,8077000000.0,5833000000.0,6.18,12257000000.0,Technology,Information Technology Services,International Business Machines Corporation
41,McDonald's,MCD,0.0038,308.27,McDonald's Corporation,217820617434.0,26060000000.0,11938000000.0,8392000000.0,11.67,7013000000.0,Consumer Cyclical,Restaurants,McDonald's Corporation
42,American Express,AXP,0.0037,306.47,American Express Company,237769039321.0,63435000000.0,12840000000.0,10146000000.0,14.25,11095000000.0,Financial Services,Credit Services,American Express Company
43,Walt Disney Company (The),DIS,0.0036,116.27,The Walt Disney Company,204011552031.0,94535000000.0,11994000000.0,11551000000.0,6.39,11548000000.0,Communication Services,Entertainment,The Walt Disney Company
44,RTX Corporation,RTX,0.0036,155.03,RTX Corporation,218650807440.0,83599000000.0,7884000000.0,6146000000.0,4.55,3183000000.0,Industrials,Aerospace & Defense,RTX Corporation
45,"Merck & Co,",MRK,0.0036,82.56,"Merck & Co., Inc.",196225849056.0,63616000000.0,19085000000.0,16406000000.0,6.49,14722000000.0,Healthcare,Drug Manufacturers - General,"Merck & Co., Inc."
46,AT&T,T,0.0035,28.68,AT&T Inc.,202427412939.0,123984000000.0,19697000000.0,12664000000.0,1.76,19624000000.0,Communication Services,Telecom Services,AT&T Inc.
47,PepsiCo,PEP,0.0035,149.08,"PepsiCo, Inc.",192273202530.0,91748000000.0,10494000000.0,7550000000.0,5.49,7448000000.0,Consumer Defensive,Beverages - Non-Alcoholic,"PepsiCo, Inc."
48,Intuit,INTU,0.0034,710.86,Intuit Inc.,194678379300.0,18831000000.0,4923000000.0,3869000000.0,13.67,6083000000.0,Technology,Software - Application,Intuit Inc.
49,"Caterpillar Inc,",CAT,0.0034,416.33,Caterpillar Inc.,218198743176.0,63139000000.0,11510000000.0,9437000000.0,19.64,8485000000.0,Industrials,Farm & Heavy Construction Machinery,Caterpillar Inc.
50,Uber,UBER,0.0033,91.4,"Uber Technologies, Inc.",205309468652.0,47331000000.0,4509000000.0,12626000000.0,5.86,8540000000.0,Technology,Software - Application,"Uber Technologies, Inc."
51,Verizon,VZ,0.0032,43.53,Verizon Communications Inc.,183873924877.0,137000000000.0,29497000000.0,18193000000.0,4.29,20128000000.0,Communication Services,Telecom Services,Verizon Communications Inc.
52,Thermo Fisher Scientific,TMO,0.0031,482.91,Thermo Fisher Scientific Inc.,175302651053.0,43212000000.0,7408000000.0,6584000000.0,17.29,6220000000.0,Healthcare,Diagnostics & Research,Thermo Fisher Scientific Inc.
53,BlackRock,BLK,0.0031,1157.73,"BlackRock, Inc.",179080141574.0,21573000000.0,7510000000.0,6404000000.0,41.37,3884000000.0,Financial Services,Asset Management,"BlackRock, Inc."
54,Charles Schwab Corporation,SCHW,0.0031,97.94,The Charles Schwab Corporation,173280834378.0,21626000000.0,9405000000.0,6789000000.0,3.72,17180000000.0,Financial Services,Capital Markets,The Charles Schwab Corporation
55,Booking Holdings,BKNG,0.0031,5476.99,Booking Holdings Inc.,179810041980.0,25025000000.0,8220000000.0,4813000000.0,144.08,9240000000.0,Consumer Cyclical,Travel Services,Booking Holdings Inc.
56,ServiceNow,NOW,0.003,849.47,"ServiceNow, Inc.",194238442944.0,12057000000.0,1601000000.0,1661000000.0,7.95,3849000000.0,Technology,Software - Application,"ServiceNow, Inc."
57,Boeing,BA,0.003,232.6,The Boeing Company,167307451596.0,75327000000.0,-9351000000.0,-10913000000.0,-16.5,-8521000000.0,Industrials,Aerospace & Defense,The Boeing Company
58,Texas Instruments,TXN,0.003,192.64,Texas Instruments Incorporated,167781264539.0,16675000000.0,5818000000.0,5041000000.0,5.47,1503000000.0,Technology,Semiconductors,Texas Instruments Incorporated
59,Citigroup,C,0.003,94.93,Citigroup Inc.,190385660611.0,83160000000.0,18859000000.0,14177000000.0,6.76,-93622000000.0,Financial Services,Banks - Diversified,Citigroup Inc.
60,S&P Global,SPGI,0.003,563.15,S&P Global Inc.,148736054000.0,14699000000.0,5765000000.0,4013000000.0,13.0,5411000000.0,Financial Services,Financial Data & Stock Exchanges,S&P Global Inc.
61,Arista Networks,ANET,0.003,136.51,Arista Networks Inc,179103316793.0,7950972000.0,3429902000.0,3251534000.0,2.55,3975342000.0,Technology,Computer Hardware,Arista Networks Inc
62,Intuitive Surgical,ISRG,0.0029,475.39,"Intuitive Surgical, Inc.",158131156327.0,9145000000.0,2633700000.0,2607600000.0,7.18,1994300000.0,Healthcare,Medical Instruments & Supplies,"Intuitive Surgical, Inc."
63,Qualcomm,QCOM,0.0029,157.6,QUALCOMM Incorporated,182566800000.0,43257000000.0,12019000000.0,11578000000.0,10.36,11622000000.0,Technology,Semiconductors,QUALCOMM Incorporated
64,GE Vernova,GEV,0.0029,623.96,GE Vernova Inc.,164741761770.0,36615000000.0,655000000.0,1156000000.0,4.15,2754000000.0,Industrials,Specialty Industrial Machinery,GE Vernova Inc.
65,Amgen,AMGN,0.0027,290.25,Amgen Inc.,146962018086.0,34917000000.0,8192000000.0,6619000000.0,12.23,10605000000.0,Healthcare,Drug Manufacturers - General,Amgen Inc.
66,Accenture,ACN,0.0026,245.75,Accenture plc,148843181410.0,68482536000.0,10529641000.0,7948771000.0,12.57,10243923000.0,Technology,Information Technology Services,Accenture plc
67,Boston Scientific,BSX,0.0026,103.21,Boston Scientific Corporation,145478375426.0,18494000000.0,3151000000.0,2505000000.0,1.68,3496000000.0,Healthcare,Medical Devices,Boston Scientific Corporation
68,Applied Materials,AMAT,0.0026,189.94,"Applied Materials, Inc.",162459666693.0,28613000000.0,8623000000.0,6832000000.0,8.39,5823000000.0,Technology,Semiconductor Equipment & Materials,"Applied Materials, Inc."
69,Danaher Corporation,DHR,0.0026,209.62,Danaher Corporation,132354975896.0,24013000000.0,4417000000.0,3413000000.0,4.7,4884000000.0,Healthcare,Diagnostics & Research,Danaher Corporation
70,TJX Companies,TJX,0.0026,133.66,"The TJX Companies, Inc.",159259721469.0,57925000000.0,6476000000.0,4974000000.0,4.39,4041000000.0,Consumer Cyclical,Apparel Retail,"The TJX Companies, Inc."
71,NextEra Energy,NEE,0.0026,71.93,"NextEra Energy, Inc.",156197342800.0,25899000000.0,7964000000.0,5916000000.0,2.86,3735000000.0,Utilities,Utilities - Regulated Electric,"NextEra Energy, Inc."
72,"Adobe Inc,",ADBE,0.0026,349.03,Adobe Inc.,150851966353.0,23181000000.0,8402000000.0,6957000000.0,16.04,9599000000.0,Technology,Software - Application,Adobe Inc.
73,Gilead Sciences,GILD,0.0025,119.09,"Gilead Sciences, Inc.",139094455284.0,28863000000.0,8050000000.0,6311000000.0,5.02,9369000000.0,Healthcare,Drug Manufacturers - General,"Gilead Sciences, Inc."
74,Progressive Corporation,PGR,0.0025,251.23,The Progressive Corporation,142718610785.0,82408200000.0,13409500000.0,10431900000.0,17.75,16556100000.0,Financial Services,Insurance - Property & Casualty,The Progressive Corporation
75,Stryker Corporation,SYK,0.0025,377.6,Stryker Corporation,141079039108.0,23818000000.0,3616000000.0,2918000000.0,7.55,4024000000.0,Healthcare,Medical Devices,Stryker Corporation
76,Pfizer,PFE,0.0025,25.14,Pfizer Inc.,135088679880.0,63833000000.0,10535000000.0,10752000000.0,1.88,12438000000.0,Healthcare,Drug Manufacturers - General,Pfizer Inc.
77,Lowe's,LOW,0.0024,253.1,"Lowe's Companies, Inc.",144197900069.0,83613000000.0,10329000000.0,6858000000.0,12.19,7778000000.0,Consumer Cyclical,Home Improvement Retail,"Lowe's Companies, Inc."
78,Capital One,COF,0.0024,219.68,Capital One Financial Corporation,143283852409.0,23773000000.0,-523000000.0,-301000000.0,1.95,18224000000.0,Financial Services,Credit Services,Capital One Financial Corporation
79,Micron Technology,MU,0.0024,124.8,"Micron Technology, Inc.",176004804634.0,33813000000.0,7638000000.0,6225000000.0,5.56,1881000000.0,Technology,Semiconductors,"Micron Technology, Inc."
80,Eaton Corporation,ETN,0.0024,355.78,Eaton Corporation plc,142320294000.0,25990000000.0,4909000000.0,3926000000.0,9.94,3336000000.0,Industrials,Specialty Industrial Machinery,Eaton Corporation plc
81,Honeywell,HON,0.0024,218.05,Honeywell International Inc.,132179115243.0,39990000000.0,8327000000.0,5717000000.0,8.79,4991000000.0,Industrials,Conglomerates,Honeywell International Inc.
82,"Blackstone Inc,",BX,0.0023,174.18,Blackstone Inc.,210396040627.0,13747117000.0,7004675000.0,2863804000.0,3.71,3280279000.0,Financial Services,Asset Management,Blackstone Inc.
83,Lam Research,LRCX,0.0023,107.39,Lam Research Corporation,162430833559.0,18435591000.0,5900968000.0,5358217000.0,4.15,5414078000.0,Technology,Semiconductor Equipment & Materials,Lam Research Corporation
84,Amphenol,APH,0.0023,110.5,Amphenol Corporation,149684928209.0,18817900000.0,4216800000.0,3179700000.0,2.51,2825400000.0,Technology,Electronic Components,Amphenol Corporation
85,Union Pacific Corporation,UNP,0.0022,219.96,Union Pacific Corporation,139482970838.0,24393000000.0,9837000000.0,6935000000.0,11.51,6261000000.0,Industrials,Railroads,Union Pacific Corporation
86,KKR,KKR,0.0022,146.16,KKR & Co. Inc.,119396038637.0,16249076000.0,236943000.0,2012568000.0,2.11,4567110000.0,Financial Services,Asset Management,KKR & Co. Inc.
87,Deere & Company,DE,0.0022,480.47,Deere & Company,125431787326.0,44433000000.0,9628000000.0,5207000000.0,19.16,5987000000.0,Industrials,Farm & Heavy Construction Machinery,Deere & Company
88,KLA Corporation,KLAC,0.0022,952.74,KLA Corporation,140444772690.0,12156162000.0,4946614000.0,4061643000.0,30.37,3741855000.0,Technology,Semiconductor Equipment & Materials,KLA Corporation
89,Automatic Data Processing,ADP,0.0021,303.25,"Automatic Data Processing, Inc.",118086236220.0,20560900000.0,5411900000.0,4079700000.0,9.98,4403500000.0,Technology,Software - Application,"Automatic Data Processing, Inc."
90,Comcast,CMCSA,0.0021,32.98,Comcast Corporation,116817214668.0,124184000000.0,22505000000.0,22904000000.0,6.05,16578000000.0,Communication Services,Telecom Services,Comcast Corporation
91,ConocoPhillips,COP,0.0021,95.41,ConocoPhillips,122995838787.0,60182000000.0,14845000000.0,9185000000.0,7.45,6923000000.0,Energy,Oil & Gas E&P,ConocoPhillips
92,Medtronic,MDT,0.002,91.93,Medtronic plc,120853769183.0,34200000000.0,6120000000.0,4660000000.0,3.63,5303000000.0,Healthcare,Medical Devices,Medtronic plc
93,Analog Devices,ADI,0.002,234.79,"Analog Devices, Inc.",122737701350.0,10386795000.0,2556677000.0,1957676000.0,3.92,3737292000.0,Technology,Semiconductors,"Analog Devices, Inc."
94,Palo Alto Networks,PANW,0.002,174.29,"Palo Alto Networks, Inc.",135365293000.0,9221500000.0,1242900000.0,1133900000.0,1.6,3469800000.0,Technology,Software - Infrastructure,"Palo Alto Networks, Inc."
95,Synopsys,SNPS,0.002,614.05,"Synopsys, Inc.",90597824721.0,6435304000.0,1104336000.0,1997630000.0,12.74,1376670000.0,Technology,Software - Infrastructure,"Synopsys, Inc."
96,"Nike, Inc,",NKE,0.0019,76.19,"NIKE, Inc.",102365361311.0,46309000000.0,3702000000.0,3219000000.0,2.16,3268000000.0,Consumer Cyclical,Footwear & Accessories,"NIKE, Inc."
97,Altria,MO,0.0019,65.63,"Altria Group, Inc.",110385634522.0,23594000000.0,11052000000.0,8787000000.0,5.17,8728000000.0,Consumer Defensive,Tobacco,"Altria Group, Inc."
98,Chubb Limited,CB,0.0019,275.26,Chubb Limited,111908378342.0,57213000000.0,12236000000.0,9198000000.0,22.66,14000000000.0,Financial Services,Insurance - Property & Casualty,Chubb Limited
99,Welltower,WELL,0.0019,162.1,Welltower Inc.,116977657256.0,9277824000.0,1723330000.0,1129665000.0,1.76,1590237000.0,Real Estate,REIT - Healthcare Facilities,Welltower Inc.
100,DoorDash,DASH,0.0018,249.12,"DoorDash, Inc.",112125820731.0,11895000000.0,542000000.0,781000000.0,1.8,1713000000.0,Consumer Cyclical,Internet Retail,"DoorDash, Inc."
101,Starbucks,SBUX,0.0018,93.22,Starbucks Corporation,94789413000.0,36689300000.0,3699100000.0,2632500000.0,2.32,2253600000.0,Consumer Cyclical,Restaurants,Starbucks Corporation
102,CrowdStrike,CRWD,0.0018,423.96,"CrowdStrike Holdings, Inc.",119258922682.0,4341102000.0,-378659000.0,-296986000.0,-1.19,1037934000.0,Technology,Software - Infrastructure,"CrowdStrike Holdings, Inc."
103,Intercontinental Exchange,ICE,0.0018,182.39,"Intercontinental Exchange, Inc.",96012524550.0,12554000000.0,4698000000.0,3003000000.0,5.21,4078000000.0,Financial Services,Financial Data & Stock Exchanges,"Intercontinental Exchange, Inc."
104,Southern Company,SO,0.0018,93.92,The Southern Company,103987481384.0,28363000000.0,7200000000.0,4283000000.0,3.87,-796000000.0,Utilities,Utilities - Regulated Electric,The Southern Company
105,Constellation Energy,CEG,0.0018,328.25,Constellation Energy Corporation,103487472100.0,24821000000.0,3841000000.0,3009000000.0,9.59,-2486000000.0,Utilities,Utilities - Independent Power Producers,Constellation Energy Corporation
106,Lockheed Martin,LMT,0.0018,436.04,Lockheed Martin Corporation,113800206897.0,71844000000.0,5864000000.0,4204000000.0,17.8,3329000000.0,Industrials,Aerospace & Defense,Lockheed Martin Corporation
107,Marsh McLennan,MMC,0.0018,206.98,"Marsh & McLennan Companies, Inc.",98108494021.0,25799000000.0,6084000000.0,4127000000.0,8.34,4654000000.0,Financial Services,Insurance Brokers,"Marsh & McLennan Companies, Inc."
108,Vertex Pharmaceuticals,VRTX,0.0017,389.78,Vertex Pharmaceuticals Incorporated,98898847763.0,11418800000.0,3925700000.0,3637600000.0,14.02,3499700000.0,Healthcare,Biotechnology,Vertex Pharmaceuticals Incorporated
109,Intel,INTC,0.0017,22.68,Intel Corporation,155379357328.0,53070000000.0,-12122000000.0,-20504000000.0,-4.75,-10943000000.0,Technology,Semiconductors,Intel Corporation
110,CME Group,CME,0.0017,275.27,CME Group Inc.,97402706912.0,6444000000.0,4208600000.0,3721400000.0,10.33,4107400000.0,Financial Services,Financial Data & Stock Exchanges,CME Group Inc.
111,Prologis,PLD,0.0017,105.98,"Prologis, Inc.",105975513970.0,8560569000.0,4463352000.0,3442871000.0,3.7,-1688186000.0,Real Estate,REIT - Industrial,"Prologis, Inc."
112,Bristol Myers Squibb,BMY,0.0017,47.85,Bristol-Myers Squibb Company,89803429173.0,47704000000.0,6593000000.0,5049000000.0,2.48,14578000000.0,Healthcare,Drug Manufacturers - General,Bristol-Myers Squibb Company
113,Duke Energy,DUK,0.0017,124.27,Duke Energy Corporation,95663361930.0,31271000000.0,8429000000.0,4753000000.0,6.15,-563000000.0,Utilities,Utilities - Regulated Electric,Duke Energy Corporation
114,Trane Technologies,TT,0.0016,430.05,Trane Technologies plc,92395052518.0,20750100000.0,3795400000.0,2856000000.0,12.6,2816100000.0,Industrials,Building Products & Equipment,Trane Technologies plc
115,American Tower,AMT,0.0016,203.03,American Tower Corporation,90967165481.0,10259600000.0,4671100000.0,1292800000.0,2.76,3741100000.0,Real Estate,REIT - Specialty,American Tower Corporation
116,Parker Hannifin,PH,0.0016,743.62,Parker-Hannifin Corporation,96317072709.0,19850000000.0,4060000000.0,3531000000.0,27.12,3373000000.0,Industrials,Specialty Industrial Machinery,Parker-Hannifin Corporation
117,Cadence Design Systems,CDNS,0.0016,347.53,"Cadence Design Systems, Inc.",95401473900.0,5089287000.0,1410248000.0,1011951000.0,3.7,1585090000.0,Technology,Software - Application,"Cadence Design Systems, Inc."
118,Dell Technologies,DELL,0.0016,139.29,Dell Technologies Inc.,87918127038.0,101451000000.0,6913000000.0,4915000000.0,6.96,4860000000.0,Technology,Computer Hardware,Dell Technologies Inc.
119,Moody's Corporation,MCO,0.0016,523.03,Moody's Corporation,85507438987.0,7307000000.0,2963000000.0,2132000000.0,11.77,2371000000.0,Financial Services,Financial Data & Stock Exchanges,Moody's Corporation
120,HCA Healthcare,HCA,0.0016,393.14,"HCA Healthcare, Inc.",98061995980.0,72698000000.0,11078000000.0,5971000000.0,23.79,7292000000.0,Healthcare,Medical Care Facilities,"HCA Healthcare, Inc."
121,Waste Management,WM,0.0016,227.06,"Waste Management, Inc.",88094957432.0,23950000000.0,4202000000.0,2721000000.0,6.74,2163000000.0,Industrials,Waste Management,"Waste Management, Inc."
122,Sherwin-Williams,SHW,0.0016,365.34,The Sherwin-Williams Company,85249554074.0,23079900000.0,3688100000.0,2544900000.0,10.08,2154600000.0,Basic Materials,Specialty Chemicals,The Sherwin-Williams Company
123,Cintas,CTAS,0.0015,222.51,Cintas Corporation,82298615022.0,10340181000.0,2359726000.0,1812281000.0,4.4,1780993000.0,Industrials,Specialty Business Services,Cintas Corporation
124,O'Reilly Auto Parts,ORLY,0.0015,101.68,"O'Reilly Automotive, Inc.",90025497748.0,17122020000.0,3291314000.0,2423674000.0,2.8,1783520000.0,Consumer Cyclical,Auto Parts,"O'Reilly Automotive, Inc."
125,Royal Caribbean Group,RCL,0.0015,313.5,Royal Caribbean Cruises Ltd.,88792365777.0,17183000000.0,4534000000.0,3603000000.0,13.59,3587000000.0,Consumer Cyclical,Travel Services,Royal Caribbean Cruises Ltd.
126,General Dynamics,GD,0.0015,316.15,General Dynamics Corporation,88859260596.0,50273000000.0,5177000000.0,4086000000.0,14.89,4130000000.0,Industrials,Aerospace & Defense,General Dynamics Corporation
127,CVS Health,CVS,0.0015,66.7,CVS Health Corporation,96101089434.0,386641000000.0,8955000000.0,4531000000.0,3.59,4780000000.0,Healthcare,Healthcare Plans,CVS Health Corporation
128,3M,MMM,0.0014,157.85,3M Company,81391144763.0,24602000000.0,4787000000.0,3939000000.0,7.2,-1954000000.0,Industrials,Conglomerates,3M Company
129,McKesson Corporation,MCK,0.0014,672.79,McKesson Corporation,94600550096.0,377595000000.0,4429000000.0,3164000000.0,24.99,5666000000.0,Healthcare,Medical Distribution,McKesson Corporation
130,Northrop Grumman,NOC,0.0014,583.32,Northrop Grumman Corporation,85125146459.0,40501000000.0,3976000000.0,3945000000.0,27.12,1308000000.0,Industrials,Aerospace & Defense,Northrop Grumman Corporation
131,Coinbase Global,COIN,0.0014,323.33,"Coinbase Global, Inc.",80316301310.0,7008333000.0,1884738000.0,2860612000.0,10.38,1806909000.0,Financial Services,Financial Data & Stock Exchanges,"Coinbase Global, Inc."
132,Apollo Global Management,APO,0.0014,140.17,"Apollo Global Management, Inc.",78728039538.0,25418000000.0,6093000000.0,3272000000.0,5.35,4124000000.0,Financial Services,Asset Management,"Apollo Global Management, Inc."
133,Mondelez International,MDLZ,0.0014,61.65,"Mondelez International, Inc.",81984381304.0,37105000000.0,4616000000.0,3641000000.0,2.73,2864000000.0,Consumer Defensive,Confectioners,"Mondelez International, Inc."
134,TransDigm Group,TDG,0.0014,1414.51,TransDigm Group Incorporated,73014191280.0,8579000000.0,3947000000.0,1751000000.0,30.14,1906000000.0,Industrials,Aerospace & Defense,TransDigm Group Incorporated
135,Ecolab,ECL,0.0014,279.18,Ecolab Inc.,76862351152.0,15723900000.0,2893000000.0,2136100000.0,7.48,1624100000.0,Basic Materials,Specialty Chemicals,Ecolab Inc.
136,Aon,AON,0.0014,365.94,Aon plc,76780318660.0,16752000000.0,4034000000.0,2603000000.0,11.95,2912000000.0,Financial Services,Insurance Brokers,Aon plc
137,Cigna,CI,0.0013,290.17,The Cigna Group,76386807223.0,262023000000.0,9026000000.0,5018000000.0,18.26,3944000000.0,Healthcare,Healthcare Plans,The Cigna Group
138,Motorola Solutions,MSI,0.0013,461.96,"Motorola Solutions, Inc.",76058009689.0,11094000000.0,2799000000.0,2116000000.0,12.43,2384000000.0,Technology,Communication Equipment,"Motorola Solutions, Inc."
139,Illinois Tool Works,ITW,0.0013,262.91,Illinois Tool Works Inc.,76093160000.0,15790000000.0,4102000000.0,3365000000.0,11.41,2738000000.0,Industrials,Specialty Industrial Machinery,Illinois Tool Works Inc.
140,Airbnb,ABNB,0.0013,124.93,"Airbnb, Inc.",77067091570.0,11580000000.0,2605000000.0,2625000000.0,4.13,4308000000.0,Consumer Cyclical,Travel Services,"Airbnb, Inc."
141,PNC Financial Services,PNC,0.0013,194.22,"The PNC Financial Services Group, Inc.",80068916908.0,22112000000.0,8509000000.0,5870000000.0,14.61,6058000000.0,Financial Services,Banks - Regional,"The PNC Financial Services Group, Inc."
142,Emerson Electric,EMR,0.0013,134.29,Emerson Electric Co.,72376080000.0,17779000000.0,2979000000.0,2652000000.0,4.66,2741000000.0,Industrials,Specialty Industrial Machinery,Emerson Electric Co.
143,Equinix,EQIX,0.0013,770.51,"Equinix, Inc.",77345822695.0,8943000000.0,1463000000.0,994000000.0,10.16,-269000000.0,Real Estate,REIT - Specialty,"Equinix, Inc."
144,United Parcel Service,UPS,0.0013,88.76,"United Parcel Service, Inc.",70963313184.0,90313000000.0,8399000000.0,5730000000.0,6.72,3539000000.0,Industrials,Integrated Freight & Logistics,"United Parcel Service, Inc."
145,Newmont,NEM,0.0013,68.43,Newmont Corporation,93642839056.0,20584000000.0,8405000000.0,6277000000.0,5.56,8557000000.0,Basic Materials,Gold,Newmont Corporation
146,"Arthur J, Gallagher & Co,",AJG,0.0013,292.59,Arthur J. Gallagher & Co.,77983794781.0,12471000000.0,2784100000.0,1641100000.0,6.61,1971800000.0,Financial Services,Insurance Brokers,Arthur J. Gallagher & Co.
147,BNY Mellon,BK,0.0013,103.65,The Bank of New York Mellon Corporation,77245026576.0,19315000000.0,6928000000.0,4780000000.0,6.55,2380000000.0,Financial Services,Banks - Diversified,The Bank of New York Mellon Corporation
148,Fiserv,FI,0.0013,133.82,"Fiserv, Inc.",70427932401.0,21112000000.0,6361000000.0,3379000000.0,5.99,5157000000.0,Technology,Information Technology Services,"Fiserv, Inc."
149,Republic Services,RSG,0.0013,232.94,"Republic Services, Inc.",71250772282.0,16366200000.0,3339100000.0,2122700000.0,6.76,2405700000.0,Industrials,Waste Management,"Republic Services, Inc."
150,"U,S, Bancorp",USB,0.0013,46.64,U.S. Bancorp,76938006556.0,25560000000.0,8632000000.0,6518000000.0,4.19,7484000000.0,Financial Services,Banks - Regional,U.S. Bancorp
151,Marriott International,MAR,0.0012,267.22,"Marriott International, Inc.",71721875642.0,25691000000.0,3880000000.0,2467000000.0,8.88,1682000000.0,Consumer Cyclical,Lodging,"Marriott International, Inc."
152,Howmet Aerospace,HWM,0.0012,176.65,Howmet Aerospace Inc.,77863849094.0,7721000000.0,1881000000.0,1397000000.0,3.42,1018000000.0,Industrials,Aerospace & Defense,Howmet Aerospace Inc.
153,Williams Companies,WMB,0.0012,57.28,"The Williams Companies, Inc.",78167567102.0,11225000000.0,3670000000.0,2426000000.0,1.99,1792000000.0,Energy,Oil & Gas Midstream,"The Williams Companies, Inc."
154,Johnson Controls,JCI,0.0012,105.54,Johnson Controls International plc,70025785934.0,20082000000.0,2350000000.0,2231000000.0,3.36,2894000000.0,Industrials,Building Products & Equipment,Johnson Controls International plc
155,"Vistra Corp,",VST,0.0012,203.43,Vistra Corp.,70210347539.0,18508000000.0,3582000000.0,2196000000.0,6.27,1720000000.0,Utilities,Utilities - Independent Power Producers,Vistra Corp.
156,Colgate-Palmolive,CL,0.0012,84.66,Colgate-Palmolive Company,64326294666.0,19999000000.0,4284000000.0,2909000000.0,3.56,3370000000.0,Consumer Defensive,Household & Personal Products,Colgate-Palmolive Company
157,CSX Corporation,CSX,0.0012,36.27,CSX Corporation,63404061246.0,14155000000.0,4784000000.0,3102000000.0,1.63,2078000000.0,Industrials,Railroads,CSX Corporation
158,Zoetis,ZTS,0.0012,152.11,Zoetis Inc.,63596828232.0,9385000000.0,3533000000.0,2612000000.0,5.81,2219000000.0,Healthcare,Drug Manufacturers - Specialty & Generic,Zoetis Inc.
159,AutoZone,AZO,0.0012,4002.28,"AutoZone, Inc.",70227584461.0,18901372000.0,3710771000.0,2563504000.0,147.61,2002423000.0,Consumer Cyclical,Auto Parts,"AutoZone, Inc."
160,Elevance Health,ELV,0.0011,295.59,"Elevance Health, Inc.",71743908735.0,189215000000.0,8393000000.0,5360000000.0,23.56,5337000000.0,Healthcare,Healthcare Plans,"Elevance Health, Inc."
161,PayPal,PYPL,0.0011,69.25,"PayPal Holdings, Inc.",64296966657.0,32292000000.0,5866000000.0,4679000000.0,4.67,5296000000.0,Financial Services,Credit Services,"PayPal Holdings, Inc."
162,EOG Resources,EOG,0.0011,119.71,"EOG Resources, Inc.",64050487631.0,22697000000.0,7287000000.0,5732000000.0,10.32,4549000000.0,Energy,Oil & Gas E&P,"EOG Resources, Inc."
163,Air Products,APD,0.0011,290.53,"Air Products and Chemicals, Inc.",59372860079.0,12057900000.0,-112300000.0,1550500000.0,6.95,-4627500000.0,Basic Materials,Specialty Chemicals,"Air Products and Chemicals, Inc."
164,Hilton Worldwide,HLT,0.0011,270.33,Hilton Worldwide Holdings Inc.,61561964848.0,11482000000.0,2426000000.0,1589000000.0,6.5,2147000000.0,Consumer Cyclical,Lodging,Hilton Worldwide Holdings Inc.
165,Norfolk Southern Railway,NSC,0.0011,280.37,Norfolk Southern Corporation,66743162789.0,12178000000.0,5048000000.0,3350000000.0,14.8,2578000000.0,Industrials,Railroads,Norfolk Southern Corporation
166,Monster Beverage,MNST,0.0011,63.82,Monster Beverage Corporation,63799817869.0,7659165000.0,2062507000.0,1573417000.0,1.61,1807613000.0,Consumer Defensive,Beverages - Non-Alcoholic,Monster Beverage Corporation
167,TE Connectivity,TEL,0.0011,206.71,TE Connectivity plc,64131302807.0,16581000000.0,2946000000.0,1455000000.0,4.85,2893000000.0,Technology,Electronic Components,TE Connectivity plc
168,Freeport-McMoRan,FCX,0.001,42.33,Freeport-McMoRan Inc.,51328925291.0,25820000000.0,6916000000.0,1924000000.0,1.32,2157000000.0,Basic Materials,Copper,Freeport-McMoRan Inc.
169,Autodesk,ADSK,0.001,283.6,"Autodesk, Inc.",69256729044.0,6605000000.0,1389000000.0,1043000000.0,4.82,1884000000.0,Technology,Software - Application,"Autodesk, Inc."
170,Travelers Companies (The),TRV,0.001,268.28,"The Travelers Companies, Inc.",62533175676.0,47838000000.0,6897000000.0,5246000000.0,22.61,9633000000.0,Financial Services,Insurance - Property & Casualty,"The Travelers Companies, Inc."
171,American Electric Power,AEP,0.001,112.79,"American Electric Power Company, Inc.",58367500434.0,20666700000.0,5130400000.0,3649700000.0,6.83,-3520200000.0,Utilities,Utilities - Regulated Electric,"American Electric Power Company, Inc."
172,Regeneron Pharmaceuticals,REGN,0.001,566.52,"Regeneron Pharmaceuticals, Inc.",58741629914.0,14214200000.0,3840900000.0,4458600000.0,39.73,3853700000.0,Healthcare,Biotechnology,"Regeneron Pharmaceuticals, Inc."
173,Kinder Morgan,KMI,0.001,26.73,"Kinder Morgan, Inc.",62684809547.0,15969000000.0,4420000000.0,2724000000.0,1.22,2728000000.0,Energy,Oil & Gas Midstream,"Kinder Morgan, Inc."
174,Fortinet,FTNT,0.001,77.44,"Fortinet, Inc.",64611551903.0,6337900000.0,1956800000.0,1939600000.0,2.51,2032700000.0,Technology,Software - Infrastructure,"Fortinet, Inc."
175,United Rentals,URI,0.001,919.74,"United Rentals, Inc.",60948509364.0,15749000000.0,4016000000.0,2537000000.0,38.64,2141000000.0,Industrials,Rental & Leasing Services,"United Rentals, Inc."
176,Axon Enterprise,AXON,0.001,751.82,"Axon Enterprise, Inc.",55647087250.0,2391590000.0,-1503000.0,326306000.0,4.06,176455000.0,Industrials,Aerospace & Defense,"Axon Enterprise, Inc."
177,"Workday, Inc,",WDAY,0.001,221.16,"Workday, Inc.",65861266912.0,8959000000.0,527000000.0,583000000.0,2.15,2392000000.0,Technology,Software - Application,"Workday, Inc."
178,Truist Financial,TFC,0.001,44.86,Truist Financial Corporation,59340191343.0,18166000000.0,6312000000.0,4889000000.0,3.68,3969000000.0,Financial Services,Banks - Regional,Truist Financial Corporation
179,NXP Semiconductors,NXPI,0.001,229.32,NXP Semiconductors N.V.,56987983054.0,12122000000.0,3101000000.0,2148000000.0,8.39,2008000000.0,Technology,Semiconductors,NXP Semiconductors N.V.
180,Chipotle Mexican Grill,CMG,0.001,42.65,"Chipotle Mexican Grill, Inc.",53742670800.0,11577532000.0,1927295000.0,1541878000.0,1.12,1485974000.0,Consumer Cyclical,Restaurants,"Chipotle Mexican Grill, Inc."
181,Cencora,COR,0.001,293.08,"Cencora, Inc.",59520509467.0,316654371000.0,2733191000.0,1897255000.0,9.74,1141589000.0,Healthcare,Medical Distribution,"Cencora, Inc."
182,Digital Realty,DLR,0.001,166.23,"Digital Realty Trust, Inc.",58476507585.0,5767863000.0,720055000.0,1342168000.0,3.81,969350000.0,Real Estate,REIT - Specialty,"Digital Realty Trust, Inc."
183,Roper Technologies,ROP,0.001,525.21,"Roper Technologies, Inc.",53732658461.0,7468100000.0,2095400000.0,1539600000.0,14.24,2283000000.0,Technology,Software - Application,"Roper Technologies, Inc."
184,"Corning Inc,",GLW,0.001,65.83,Corning Incorporated,67972694718.0,14206000000.0,1514000000.0,819000000.0,0.93,1274000000.0,Technology,Electronic Components,Corning Incorporated
185,Quanta Services,PWR,0.001,378.1,"Quanta Services, Inc.",59997044852.0,26052930000.0,1456194000.0,971813000.0,6.46,1358244000.0,Industrials,Engineering & Construction,"Quanta Services, Inc."
186,Aflac,AFL,0.001,105.05,Aflac Incorporated,59558834726.0,15910000000.0,3396000000.0,2437000000.0,4.39,2591000000.0,Financial Services,Insurance - Life,Aflac Incorporated
187,Simon Property Group,SPG,0.001,171.9,"Simon Property Group, Inc.",60527010213.0,6034413000.0,3075328000.0,2112224000.0,6.47,3197687000.0,Real Estate,REIT - Retail,"Simon Property Group, Inc."
188,Fastenal,FAST,0.001,48.84,Fastenal Company,55889903248.0,7774400000.0,1562900000.0,1189200000.0,1.03,889200000.0,Industrials,Industrial Distribution,Fastenal Company
189,Carrier Global,CARR,0.001,65.77,Carrier Global Corporation,50074183729.0,22463000000.0,2443000000.0,4001000000.0,4.45,547000000.0,Industrials,Building Products & Equipment,Carrier Global Corporation
190,Cummins,CMI,0.001,404.85,Cummins Inc.,57600075326.0,33720000000.0,3724000000.0,2941000000.0,21.31,1652000000.0,Industrials,Specialty Industrial Machinery,Cummins Inc.
191,Becton Dickinson,BDX,0.001,194.45,"Becton, Dickinson and Company",52911430777.0,21386000000.0,2506000000.0,1585000000.0,5.48,2550000000.0,Healthcare,Medical Instruments & Supplies,"Becton, Dickinson and Company"
192,FedEx,FDX,0.0009,232.66,FedEx Corporation,56114927735.0,88591000000.0,5323000000.0,4122000000.0,17.07,3654000000.0,Industrials,Integrated Freight & Logistics,FedEx Corporation
193,Allstate,ALL,0.0009,208.18,The Allstate Corporation,56063394862.0,66218000000.0,15906000000.0,5705000000.0,21.28,8539000000.0,Financial Services,Insurance - Property & Casualty,The Allstate Corporation
194,"Nasdaq, Inc,",NDAQ,0.0009,95.42,"Nasdaq, Inc.",50212821627.0,8112000000.0,2080000000.0,1508000000.0,2.6,2134000000.0,Financial Services,Financial Data & Stock Exchanges,"Nasdaq, Inc."
195,Sempra,SRE,0.0009,82.26,Sempra,57802532219.0,13336000000.0,3035000000.0,2670000000.0,4.14,-4372000000.0,Utilities,Utilities - Diversified,Sempra
196,General Motors,GM,0.0009,56.27,General Motors Company,58305244533.0,187601000000.0,10654000000.0,6530000000.0,6.54,8219000000.0,Consumer Cyclical,Auto Manufacturers,General Motors Company
197,Realty Income,O,0.0009,57.74,Realty Income Corporation,55150943168.0,5462097000.0,2046150000.0,908127000.0,1.03,-444372000.0,Real Estate,REIT - Retail,Realty Income Corporation
198,Idexx Laboratories,IDXX,0.0009,653.26,"IDEXX Laboratories, Inc.",50580567641.0,4037715000.0,1255158000.0,985656000.0,12.01,774337000.0,Healthcare,Diagnostics & Research,"IDEXX Laboratories, Inc."
199,Dominion Energy,D,0.0009,61.11,"Dominion Energy, Inc.",51487650596.0,15227000000.0,3928000000.0,2284000000.0,2.64,-8088000000.0,Utilities,Utilities - Regulated Electric,"Dominion Energy, Inc."
200,Paccar,PCAR,0.0009,99.27,PACCAR Inc,52772890896.0,31099600000.0,4621800000.0,3073000000.0,5.83,2879900000.0,Industrials,Farm & Heavy Construction Machinery,PACCAR Inc
201,MetLife,MET,0.0009,77.84,"MetLife, Inc.",54279426527.0,73015000000.0,5709000000.0,4091000000.0,5.89,15229000000.0,Financial Services,Insurance - Life,"MetLife, Inc."
202,L3Harris,LHX,0.0009,271.09,"L3Harris Technologies, Inc.",54923548901.0,21373000000.0,2160000000.0,1697000000.0,8.95,2165000000.0,Industrials,Aerospace & Defense,"L3Harris Technologies, Inc."
203,Paychex,PAYX,0.0009,137.93,"Paychex, Inc.",46182814496.0,5571700000.0,2207700000.0,1657300000.0,4.58,1709100000.0,Technology,Software - Application,"Paychex, Inc."
204,Phillips 66,PSX,0.0009,122.47,Phillips 66,56359169997.0,135397000000.0,3133000000.0,1718000000.0,4.2,1488000000.0,Energy,Oil & Gas Refining & Marketing,Phillips 66
205,Public Storage,PSA,0.0008,280.79,Public Storage,50230395854.0,4749463000.0,2211470000.0,1612308000.0,9.17,2513214000.0,Real Estate,REIT - Industrial,Public Storage
206,Marathon Petroleum,MPC,0.0008,161.63,Marathon Petroleum Corporation,60405795195.0,134790000000.0,5374000000.0,2135000000.0,6.84,3698000000.0,Energy,Oil & Gas Refining & Marketing,Marathon Petroleum Corporation
207,Schlumberger,SLB,0.0008,32.89,Schlumberger Limited,53062576219.0,35479000000.0,5257000000.0,4092000000.0,2.92,4161000000.0,Energy,Oil & Gas Equipment & Services,SLB N.V.
208,Corteva,CTVA,0.0008,71.83,"Corteva, Inc.",46239919000.0,17177000000.0,2227000000.0,1401000000.0,2.06,2594000000.0,Basic Materials,Agricultural Inputs,"Corteva, Inc."
209,"D, R, Horton",DHI,0.0008,163.5,"D.R. Horton, Inc.",49846254049.0,34575300000.0,4892500000.0,3963300000.0,12.46,2808000000.0,Consumer Cyclical,Residential Construction,"D.R. Horton, Inc."
210,Ameriprise Financial,AMP,0.0008,514.7,"Ameriprise Financial, Inc.",47068849689.0,17627000000.0,4361000000.0,3225000000.0,32.13,6700000000.0,Financial Services,Asset Management,"Ameriprise Financial, Inc."
211,Ross Stores,ROST,0.0008,148.12,"Ross Stores, Inc.",49304331021.0,21497756000.0,2579984000.0,2062836000.0,6.3,1761191000.0,Consumer Cyclical,Apparel Retail,"Ross Stores, Inc."
212,Target Corporation,TGT,0.0008,103.72,Target Corporation,39918965152.0,105640000000.0,5424000000.0,3928000000.0,8.58,2945000000.0,Consumer Defensive,Discount Stores,Target Corporation
213,Keurig Dr Pepper,KDP,0.0008,34.67,Keurig Dr Pepper Inc.,34640099615.0,15759000000.0,2664000000.0,1536000000.0,1.12,1591000000.0,Consumer Defensive,Beverages - Non-Alcoholic,Keurig Dr Pepper Inc.
214,CBRE Group,CBRE,0.0008,158.25,"CBRE Group, Inc.",47013583350.0,38104000000.0,1464000000.0,1090000000.0,3.57,727000000.0,Real Estate,Real Estate Services,"CBRE Group, Inc."
215,ONEOK,OKE,0.0008,74.62,"ONEOK, Inc.",46532669288.0,27953000000.0,5347000000.0,3093000000.0,5.13,2883000000.0,Energy,Oil & Gas Midstream,"ONEOK, Inc."
216,"W, W, Grainger",GWW,0.0008,977.21,"W.W. Grainger, Inc.",45906039534.0,17481000000.0,2669000000.0,1922000000.0,39.41,1419000000.0,Industrials,Industrial Distribution,"W.W. Grainger, Inc."
217,"Block, Inc,",XYZ,0.0008,75.95,"Block, Inc.",44907743129.0,23834615000.0,1149617000.0,2958104000.0,4.68,1059437000.0,Technology,Software - Infrastructure,"Block, Inc."
218,Kroger,KR,0.0008,69.02,The Kroger Co.,43378901880.0,147000000000.0,3925000000.0,2727000000.0,3.94,2316000000.0,Consumer Defensive,Grocery Stores,The Kroger Co.
219,Edwards Lifesciences,EW,0.0008,77.65,Edwards Lifesciences Corporation,44766375000.0,5685100000.0,1422100000.0,4147600000.0,6.98,587900000.0,Healthcare,Medical Devices,Edwards Lifesciences Corporation
220,Copart,CPRT,0.0008,46.96,"Copart, Inc.",43386427922.0,4646958000.0,1696714000.0,1552449000.0,1.59,1262591000.0,Industrials,Specialty Business Services,"Copart, Inc."
221,Garmin,GRMN,0.0008,235.58,Garmin Ltd.,46290943894.0,6758246000.0,1758675000.0,1568435000.0,8.1,1126820000.0,Technology,Scientific & Technical Instruments,Garmin Ltd.
222,eBay,EBAY,0.0008,99.08,eBay Inc.,41650980000.0,10470000000.0,2238000000.0,2184000000.0,4.52,1409000000.0,Consumer Cyclical,Internet Retail,eBay Inc.
223,Ford Motor Company,F,0.0008,11.38,Ford Motor Company,46947188734.0,185250000000.0,2941000000.0,3151000000.0,0.78,10130000000.0,Consumer Cyclical,Auto Manufacturers,Ford Motor Company
224,Exelon,EXC,0.0008,44.76,Exelon Corporation,44530339792.0,23766000000.0,4745000000.0,2653000000.0,2.63,-1764000000.0,Utilities,Utilities - Regulated Electric,Exelon Corporation
225,Electronic Arts,EA,0.0008,179.56,Electronic Arts Inc.,48377582035.0,7474000000.0,1427000000.0,1042000000.0,4.0,1750000000.0,Communication Services,Electronic Gaming & Multimedia,Electronic Arts Inc.
226,American International Group,AIG,0.0008,80.14,"American International Group, Inc.",43201220223.0,27802000000.0,5120000000.0,3199000000.0,5.16,3159000000.0,Financial Services,Insurance - Diversified,"American International Group, Inc."
227,Kimberly-Clark,KMB,0.0008,133.35,Kimberly-Clark Corporation,40553461822.0,18883000000.0,3063000000.0,2430000000.0,7.26,2102000000.0,Consumer Defensive,Household & Personal Products,Kimberly-Clark Corporation
228,Occidental Petroleum,OXY,0.0008,44.53,Occidental Petroleum Corporation,46731354553.0,27290000000.0,4246000000.0,1721000000.0,1.68,4889000000.0,Energy,Oil & Gas E&P,Occidental Petroleum Corporation
229,MSCI,MSCI,0.0008,566.28,MSCI Inc.,43743851174.0,2986719000.0,1608785000.0,1178666000.0,15.1,1359137000.0,Financial Services,Financial Data & Stock Exchanges,MSCI Inc.
230,Datadog,DDOG,0.0008,125.57,"Datadog, Inc.",48499986342.0,3016056000.0,-18250000.0,124580000.0,0.35,854320000.0,Technology,Software - Application,"Datadog, Inc."
231,Crown Castle,CCI,0.0008,100.47,Crown Castle Inc.,41504651514.0,5422000000.0,-2934000000.0,-4638000000.0,-10.67,2396000000.0,Real Estate,REIT - Specialty,Crown Castle Inc.
232,Public Service Enterprise Group,PEG,0.0007,86.82,Public Service Enterprise Group Incorporated,41074263754.0,11134000000.0,2700000000.0,1980000000.0,3.96,-644000000.0,Utilities,Utilities - Regulated Electric,Public Service Enterprise Group Incorporated
233,Take-Two Interactive,TTWO,0.0007,233.55,"Take-Two Interactive Software, Inc.",47246510697.0,5799200000.0,-4184600000.0,-4228800000.0,-24.13,-58300000.0,Communication Services,Electronic Gaming & Multimedia,"Take-Two Interactive Software, Inc."
234,Xcel Energy,XEL,0.0007,72.65,Xcel Energy Inc.,46888267313.0,13957000000.0,2512000000.0,2073000000.0,3.61,-3901000000.0,Utilities,Utilities - Regulated Electric,Xcel Energy Inc.
235,Ametek,AME,0.0007,184.86,"AMETEK, Inc.",43045199065.0,6980193000.0,1831287000.0,1437623000.0,6.21,1683675000.0,Industrials,Specialty Industrial Machinery,"AMETEK, Inc."
236,Baker Hughes,BKR,0.0007,43.07,Baker Hughes Company,49806613344.0,27609000000.0,3228000000.0,3048000000.0,3.06,2341000000.0,Energy,Oil & Gas Equipment & Services,Baker Hughes Company
237,Valero Energy,VLO,0.0007,136.02,Valero Energy Corporation,54559765799.0,123779000000.0,952000000.0,764000000.0,2.44,2382000000.0,Energy,Oil & Gas Refining & Marketing,Valero Energy Corporation
238,ResMed,RMD,0.0007,284.19,ResMed Inc.,39571538537.0,5146327000.0,1685363000.0,1400723000.0,9.51,1661723000.0,Healthcare,Medical Instruments & Supplies,ResMed Inc.
239,Carnival,CCL,0.0007,30.23,Carnival Corporation & plc,39699613780.0,25972000000.0,4216000000.0,2525000000.0,1.85,3176000000.0,Consumer Cyclical,Travel Services,Carnival Corporation & plc
240,Kenvue,KVUE,0.0007,21.21,Kenvue Inc.,31511129400.0,15141000000.0,2387000000.0,1418000000.0,0.75,1633000000.0,Consumer Defensive,Household & Personal Products,Kenvue Inc.
241,Yum! Brands,YUM,0.0007,146.22,"Yum! Brands, Inc.",42379700779.0,7908000000.0,2446000000.0,1432000000.0,5.07,1534000000.0,Consumer Cyclical,Restaurants,"Yum! Brands, Inc."
242,Diamondback Energy,FANG,0.0007,140.13,"Diamondback Energy, Inc.",42916317290.0,14082000000.0,4934000000.0,3837000000.0,13.93,-8437000000.0,Energy,Oil & Gas E&P,"Diamondback Energy, Inc."
243,Entergy,ETR,0.0007,90.42,Entergy Corporation,41181236615.0,12307128000.0,3333006000.0,1760077000.0,4.03,-2570548000.0,Utilities,Utilities - Regulated Electric,Entergy Corporation
244,Monolithic Power Systems,MPWR,0.0007,841.7,"Monolithic Power Systems, Inc.",42506544600.0,2543912000.0,660852000.0,1861310000.0,38.22,706303000.0,Technology,Semiconductors,"Monolithic Power Systems, Inc."
245,Rockwell Automation,ROK,0.0007,346.53,"Rockwell Automation, Inc.",38630210121.0,8061500000.0,1248700000.0,970100000.0,8.52,1320400000.0,Industrials,Specialty Industrial Machinery,"Rockwell Automation, Inc."
246,Sysco,SYY,0.0007,81.38,Sysco Corporation,39998425703.0,81370000000.0,3088000000.0,1828000000.0,3.73,1818000000.0,Consumer Defensive,Food Distribution,Sysco Corporation
247,Vulcan Materials Company,VMC,0.0007,292.95,Vulcan Materials Company,39543439248.0,7594600000.0,1522100000.0,951100000.0,7.15,1168400000.0,Basic Materials,Building Materials,Vulcan Materials Company
248,Delta Air Lines,DAL,0.0007,58.7,"Delta Air Lines, Inc.",37348648594.0,61924000000.0,5785000000.0,4485000000.0,6.9,2332000000.0,Industrials,Airlines,"Delta Air Lines, Inc."
249,Prudential Financial,PRU,0.0006,106.85,"Prudential Financial, Inc.",36752455837.0,59209000000.0,2064000000.0,1631000000.0,4.54,2083000000.0,Financial Services,Insurance - Life,"Prudential Financial, Inc."
250,Live Nation Entertainment,LYV,0.0006,162.02,"Live Nation Entertainment, Inc.",37526637825.0,23721438000.0,968248000.0,547869000.0,2.31,1080991000.0,Communication Services,Entertainment,"Live Nation Entertainment, Inc."
251,Fidelity National Information Services,FIS,0.0006,71.68,"Fidelity National Information Services, Inc.",33557599786.0,10317000000.0,1739000000.0,112000000.0,0.19,1828000000.0,Technology,Information Technology Services,"Fidelity National Information Services, Inc."
252,Verisk Analytics,VRSK,0.0006,267.9,"Verisk Analytics, Inc.",34519377885.0,2986500000.0,1312200000.0,916100000.0,6.49,1020400000.0,Industrials,Consulting Services,"Verisk Analytics, Inc."
253,CoStar Group,CSGP,0.0006,87.93,"CoStar Group, Inc.",35582393904.0,2915500000.0,-6300000.0,104200000.0,0.25,1000000.0,Real Estate,Real Estate Services,"CoStar Group, Inc."
254,Las Vegas Sands,LVS,0.0006,54.03,Las Vegas Sands Corp.,37075359260.0,11615000000.0,2471000000.0,1412000000.0,1.98,629000000.0,Consumer Cyclical,Resorts & Casinos,Las Vegas Sands Corp.
255,Consolidated Edison,ED,0.0006,102.7,"Consolidated Edison, Inc.",35928118867.0,16154000000.0,2819000000.0,1935000000.0,5.51,-278000000.0,Utilities,Utilities - Regulated Electric,"Consolidated Edison, Inc."
256,Hartford (The),HIG,0.0006,131.38,"The Hartford Insurance Group, Inc.",37426759130.0,27427000000.0,4254000000.0,3224000000.0,11.03,5716000000.0,Financial Services,Insurance - Property & Casualty,"The Hartford Insurance Group, Inc."
257,Martin Marietta Materials,MLM,0.0006,610.1,"Martin Marietta Materials, Inc.",37012206281.0,6684000000.0,1540000000.0,1101000000.0,18.08,963000000.0,Basic Materials,Building Materials,"Martin Marietta Materials, Inc."
258,Hershey Company (The),HSY,0.0006,180.57,The Hershey Company,38138049311.0,11295171000.0,2114343000.0,1529814000.0,7.53,1652654000.0,Consumer Defensive,Confectioners,The Hershey Company
259,Cardinal Health,CAH,0.0006,151.04,"Cardinal Health, Inc.",36705450287.0,222578000000.0,2316000000.0,1561000000.0,6.45,1850000000.0,Healthcare,Medical Distribution,"Cardinal Health, Inc."
260,Charter Communications,CHTR,0.0006,262.72,"Charter Communications, Inc.",37343975026.0,55222000000.0,13240000000.0,5264000000.0,36.53,5213000000.0,Communication Services,Telecom Services,"Charter Communications, Inc."
261,Targa Resources,TRGP,0.0006,164.77,Targa Resources Corp.,37484268700.0,17078700000.0,3005600000.0,1534600000.0,6.97,428800000.0,Energy,Oil & Gas Midstream,Targa Resources Corp.
262,Microchip Technology,MCHP,0.0006,65.26,Microchip Technology Incorporated,34766164148.0,4235800000.0,109300000.0,-178400000.0,-0.34,725600000.0,Technology,Semiconductors,Microchip Technology Incorporated
263,Vici Properties,VICI,0.0006,32.68,VICI Properties Inc.,34625026692.0,3926259000.0,3632216000.0,2756178000.0,2.61,2446050000.0,Real Estate,REIT - Diversified,VICI Properties Inc.
264,WEC Energy Group,WEC,0.0006,107.95,"WEC Energy Group, Inc.",36322622676.0,9306700000.0,2317000000.0,1663200000.0,5.22,154100000.0,Utilities,Utilities - Regulated Electric,"WEC Energy Group, Inc."
265,"Xylem Inc,",XYL,0.0006,141.85,Xylem Inc.,34814887675.0,8730000000.0,1083000000.0,938000000.0,3.84,887000000.0,Industrials,Specialty Industrial Machinery,Xylem Inc.
266,Otis Worldwide,OTIS,0.0006,87.82,Otis Worldwide Corporation,35471911197.0,14168000000.0,2175000000.0,1513000000.0,3.79,1382000000.0,Industrials,Specialty Industrial Machinery,Otis Worldwide Corporation
267,Arch Capital Group,ACGL,0.0006,91.26,Arch Capital Group Ltd.,33918260410.0,19156000000.0,4293000000.0,3694000000.0,9.68,6127000000.0,Financial Services,Insurance - Diversified,Arch Capital Group Ltd.
268,Humana,HUM,0.0006,282.56,Humana Inc.,30663326004.0,123110000000.0,3297000000.0,1576000000.0,13.05,2446000000.0,Healthcare,Healthcare Plans,Humana Inc.
269,Cognizant,CTSH,0.0006,69.51,Cognizant Technology Solutions Corporation,32712759860.0,20486000000.0,3159000000.0,2436000000.0,4.92,2352000000.0,Technology,Information Technology Services,Cognizant Technology Solutions Corporation
270,PG&E Corporation,PCG,0.0006,15.39,PG&E Corporation,32901625908.0,24453000000.0,4365000000.0,2351000000.0,1.09,-2165000000.0,Utilities,Utilities - Regulated Electric,PG&E Corporation
271,Agilent Technologies,A,0.0006,118.81,"Agilent Technologies, Inc.",34984052025.0,6788000000.0,1444000000.0,1220000000.0,4.27,1088000000.0,Healthcare,Diagnostics & Research,"Agilent Technologies, Inc."
272,Lennar,LEN,0.0006,129.65,Lennar Corporation,32447369185.0,35371977000.0,3974244000.0,3255863000.0,12.08,340101000.0,Consumer Cyclical,Residential Construction,Lennar Corporation
273,GE HealthCare,GEHC,0.0006,73.44,GE HealthCare Technologies Inc.,33082485201.0,19966000000.0,2757000000.0,2241000000.0,4.88,1565000000.0,Healthcare,Health Information Services,GE HealthCare Technologies Inc.
274,Seagate Technology,STX,0.0006,155.98,Seagate Technology Holdings plc,46264361339.0,9097000000.0,1890000000.0,1469000000.0,6.77,819000000.0,Technology,Computer Hardware,Seagate Technology Holdings plc
275,Nucor,NUE,0.0006,143.47,Nucor Corporation,31705731294.0,30805745000.0,1980390000.0,1295942000.0,5.56,-338227000.0,Basic Materials,Steel,Nucor Corporation
276,Kraft Heinz,KHC,0.0006,27.76,The Kraft Heinz Company,30832759551.0,25310000000.0,-6919000000.0,-5271000000.0,-4.49,3494000000.0,Consumer Defensive,Packaged Foods,The Kraft Heinz Company
277,Raymond James Financial,RJF,0.0006,164.34,"Raymond James Financial, Inc.",35029770743.0,13800000000.0,2743000000.0,2128000000.0,10.19,1954000000.0,Financial Services,Asset Management,"Raymond James Financial, Inc."
278,Wabtec,WAB,0.0006,190.92,Westinghouse Air Brake Technologies Corporation,33621361321.0,10562000000.0,1713000000.0,1153000000.0,6.71,1451000000.0,Industrials,Railroads,Westinghouse Air Brake Technologies Corporation
279,Willis Towers Watson,WTW,0.0006,331.24,Willis Towers Watson Public Limited Company,33350682643.0,9808000000.0,935000000.0,137000000.0,1.36,1179000000.0,Financial Services,Insurance Brokers,Willis Towers Watson Public Limited Company
280,EQT Corporation,EQT,0.0006,51.75,EQT Corporation,33736521420.0,7206098000.0,2129893000.0,1143858000.0,2.0,2121766000.0,Energy,Oil & Gas E&P,EQT Corporation
281,State Street Corporation,STT,0.0006,113.48,State Street Corporation,32826381659.0,13403000000.0,3676000000.0,2637000000.0,8.91,-11795000000.0,Financial Services,Asset Management,State Street Corporation
282,Estée Lauder Companies (The),EL,0.0006,89.35,The Estée Lauder Companies Inc.,31189484204.0,14326000000.0,-785000000.0,-1133000000.0,-3.15,673000000.0,Consumer Defensive,Household & Personal Products,The Estée Lauder Companies Inc.
283,IQVIA,IQV,0.0006,188.59,IQVIA Holdings Inc.,30525200000.0,15700000000.0,2178000000.0,1237000000.0,6.9,2010000000.0,Healthcare,Diagnostics & Research,IQVIA Holdings Inc.
284,United Airlines Holdings,UAL,0.0006,98.68,"United Airlines Holdings, Inc.",31696609324.0,57987000000.0,5004000000.0,3310000000.0,9.99,4159000000.0,Industrials,Airlines,"United Airlines Holdings, Inc."
285,Ingersoll Rand,IR,0.0005,80.03,Ingersoll Rand Inc.,32710341985.0,7364300000.0,1114000000.0,522600000.0,1.28,1304400000.0,Industrials,Specialty Industrial Machinery,Ingersoll Rand Inc.
286,Fair Isaac,FICO,0.0005,1322.42,Fair Isaac Corporation,36456272660.0,1928927000.0,884872000.0,632623000.0,25.57,747911000.0,Technology,Software - Application,Fair Isaac Corporation
287,Old Dominion,ODFL,0.0005,150.6,"Old Dominion Freight Line, Inc.",29127202107.0,5638622000.0,1431831000.0,1095010000.0,5.12,803265000.0,Industrials,Trucking,"Old Dominion Freight Line, Inc."
288,Tractor Supply,TSCO,0.0005,59.63,Tractor Supply Company,29952868332.0,15148457000.0,1469897000.0,1087288000.0,2.04,984742000.0,Consumer Cyclical,Specialty Retail,Tractor Supply Company
289,Brown & Brown,BRO,0.0005,94.94,"Brown & Brown, Inc.",30932658909.0,5058000000.0,1535000000.0,1006000000.0,3.47,1286000000.0,Financial Services,Insurance Brokers,"Brown & Brown, Inc."
290,Dexcom,DXCM,0.0005,79.76,"DexCom, Inc.",26313618281.0,4300800000.0,687200000.0,571500000.0,1.44,570800000.0,Healthcare,Medical Devices,"DexCom, Inc."
291,DuPont,DD,0.0005,73.42,"DuPont de Nemours, Inc.",31897837063.0,12607000000.0,790000000.0,-194000000.0,-0.47,1322000000.0,Basic Materials,Specialty Chemicals,"DuPont de Nemours, Inc."
292,Ventas,VTR,0.0005,67.54,"Ventas, Inc.",31358512248.0,5302339000.0,705501000.0,191210000.0,0.46,-1374261000.0,Real Estate,REIT - Healthcare Facilities,"Ventas, Inc."
293,Equifax,EFX,0.0005,248.89,Equifax Inc.,31471532376.0,5840200000.0,1081800000.0,639700000.0,5.12,917000000.0,Industrials,Consulting Services,Equifax Inc.
294,Broadridge Financial Solutions,BR,0.0005,259.78,"Broadridge Financial Solutions, Inc.",27642519520.0,6889100000.0,1188600000.0,839500000.0,7.1,1127500000.0,Technology,Information Technology Services,"Broadridge Financial Solutions, Inc."
295,M&T Bank,MTB,0.0005,193.74,M&T Bank Corporation,31275735901.0,8904000000.0,4150000000.0,2544000000.0,15.44,2961000000.0,Financial Services,Banks - Regional,M&T Bank Corporation
296,NRG Energy,NRG,0.0005,155.1,"NRG Energy, Inc.",32606630293.0,29367000000.0,1276000000.0,455000000.0,2.17,1394000000.0,Utilities,Utilities - Independent Power Producers,"NRG Energy, Inc."
297,Constellation Brands,STZ,0.0005,169.18,"Constellation Brands, Inc.",23353514005.0,10061900000.0,-138900000.0,-442300000.0,-2.36,2089900000.0,Consumer Defensive,Beverages - Brewers,"Constellation Brands, Inc."
298,"Warner Bros, Discovery",WBD,0.0005,11.86,"Warner Bros. Discovery, Inc.",48302317222.0,38441000000.0,221000000.0,768000000.0,0.3,4065000000.0,Communication Services,Entertainment,"Warner Bros. Discovery, Inc."
299,DTE Energy,DTE,0.0005,139.99,DTE Energy Company,28919056836.0,14201000000.0,2123000000.0,1443000000.0,6.95,-642000000.0,Utilities,Utilities - Regulated Electric,DTE Energy Company
300,Extra Space Storage,EXR,0.0005,136.75,Extra Space Storage Inc.,29679422426.0,3308315000.0,1445471000.0,976303000.0,4.61,919320000.0,Real Estate,REIT - Industrial,Extra Space Storage Inc.
301,Fifth Third Bancorp,FITB,0.0005,43.07,Fifth Third Bancorp,30069537268.0,7992000000.0,2954000000.0,2183000000.0,3.23,3767000000.0,Financial Services,Banks - Regional,Fifth Third Bancorp
302,Archer Daniels Midland,ADM,0.0005,59.2,Archer-Daniels-Midland Company,29116147670.0,82776000000.0,887000000.0,1099000000.0,2.27,4109000000.0,Consumer Defensive,Farm Products,Archer-Daniels-Midland Company
303,Keysight Technologies,KEYS,0.0005,164.41,"Keysight Technologies, Inc.",29790340325.0,5243000000.0,889000000.0,544000000.0,3.15,1415000000.0,Technology,Scientific & Technical Instruments,"Keysight Technologies, Inc."
304,Hewlett Packard Enterprise,HPE,0.0005,21.32,Hewlett Packard Enterprise Company,31649455080.0,33075000000.0,769000000.0,1136000000.0,0.84,569000000.0,Technology,Communication Equipment,Hewlett Packard Enterprise Company
305,"Rollins, Inc,",ROL,0.0005,57.61,"Rollins, Inc.",28317515375.0,3570470000.0,683404000.0,489325000.0,1.01,631557000.0,Consumer Cyclical,Personal Services,"Rollins, Inc."
306,American Water Works,AWK,0.0005,142.99,"American Water Works Company, Inc.",26603640460.0,4942000000.0,2134000000.0,1083000000.0,5.55,-1058000000.0,Utilities,Utilities - Regulated Water,"American Water Works Company, Inc."
307,Kellanova,K,0.0005,80.01,Kellanova,27097337448.0,12643000000.0,1855000000.0,1335000000.0,3.82,650000000.0,Consumer Defensive,Packaged Foods,Kellanova
308,Ameren,AEE,0.0005,101.5,Ameren Corporation,27608852628.0,8432000000.0,1625000000.0,1227000000.0,4.57,-1623000000.0,Utilities,Utilities - Regulated Electric,Ameren Corporation
309,PPL Corporation,PPL,0.0005,37.08,PPL Corporation,27154999723.0,8806000000.0,1889000000.0,988000000.0,1.34,-616000000.0,Utilities,Utilities - Regulated Electric,PPL Corporation
310,"W, R, Berkley Corporation",WRB,0.0005,71.42,W. R. Berkley Corporation,28780735615.0,14286154000.0,2390194000.0,1760594000.0,4.39,3434478000.0,Financial Services,Insurance - Property & Casualty,W. R. Berkley Corporation
311,Synchrony Financial,SYF,0.0005,72.8,Synchrony Financial,27733169628.0,9185000000.0,4241000000.0,3203000000.0,8.23,9876000000.0,Financial Services,Credit Services,Synchrony Financial
312,Supermicro,SMCI,0.0005,45.34,"Super Micro Computer, Inc.",27230352442.0,21972042000.0,1252994000.0,1048854000.0,1.68,1532310000.0,Technology,Computer Hardware,"Super Micro Computer, Inc."
313,Iron Mountain,IRM,0.0005,91.48,Iron Mountain Incorporated,29809496349.0,6443114000.0,1047792000.0,41343000.0,0.14,-966113000.0,Real Estate,REIT - Specialty,Iron Mountain Incorporated
314,Mettler Toledo,MTD,0.0005,1310.26,Mettler-Toledo International Inc.,24810101747.0,3866627000.0,1089408000.0,829752000.0,39.44,848802000.0,Healthcare,Diagnostics & Research,Mettler-Toledo International Inc.
315,AvalonBay Communities,AVB,0.0005,189.28,"AvalonBay Communities, Inc.",27744755667.0,2980931000.0,899380000.0,1159873000.0,8.13,-460496000.0,Real Estate,REIT - Residential,"AvalonBay Communities, Inc."
316,Veralto,VLTO,0.0005,107.75,Veralto Corporation,25965069736.0,5362000000.0,1251000000.0,893000000.0,3.58,943000000.0,Industrials,Pollution & Treatment Controls,Veralto Corporation
317,Atmos Energy,ATO,0.0005,166.09,Atmos Energy Corporation,27040195535.0,4623219000.0,1525486000.0,1157879000.0,7.24,-1373760000.0,Utilities,Utilities - Regulated Gas,Atmos Energy Corporation
318,Western Digital,WDC,0.0005,76.4,Western Digital Corporation,37087574188.0,9520000000.0,2334000000.0,1840000000.0,5.12,1284000000.0,Technology,Computer Hardware,Western Digital Corporation
319,General Mills,GIS,0.0005,49.67,"General Mills, Inc.",27534552292.0,19156000000.0,4199100000.0,2919500000.0,5.29,2099800000.0,Consumer Defensive,Packaged Foods,"General Mills, Inc."
320,Expedia Group,EXPE,0.0004,208.22,"Expedia Group, Inc.",26341480236.0,14018000000.0,1393000000.0,1113000000.0,8.16,1997000000.0,Consumer Cyclical,Travel Services,"Expedia Group, Inc."
321,Cboe Global Markets,CBOE,0.0004,243.99,"Cboe Global Markets, Inc.",25469788458.0,4531800000.0,1298900000.0,896300000.0,8.52,-113100000.0,Financial Services,Financial Data & Stock Exchanges,"Cboe Global Markets, Inc."
322,Teledyne Technologies,TDY,0.0004,541.82,Teledyne Technologies Incorporated,27059821081.0,5909400000.0,1045300000.0,859000000.0,18.37,953000000.0,Technology,Scientific & Technical Instruments,Teledyne Technologies Incorporated
323,Williams-Sonoma,WSM,0.0004,206.24,"Williams-Sonoma, Inc.",24843157989.0,7829759000.0,1435212000.0,1112665000.0,8.86,1027703000.0,Consumer Cyclical,Specialty Retail,"Williams-Sonoma, Inc."
324,International Paper,IP,0.0004,48.02,International Paper Company,23928148545.0,21934000000.0,59000000.0,-27000000.0,-0.1,62000000.0,Consumer Cyclical,Packaging & Containers,International Paper Company
325,"HP Inc,",HPQ,0.0004,26.93,HP Inc.,24965886440.0,54711000000.0,3206000000.0,2640000000.0,2.74,2843000000.0,Technology,Computer Hardware,HP Inc.
326,PulteGroup,PHM,0.0004,128.02,"PulteGroup, Inc.",25875576830.0,17694541000.0,3535076000.0,2742435000.0,13.36,1317897000.0,Consumer Cyclical,Residential Construction,"PulteGroup, Inc."
327,FirstEnergy,FE,0.0004,43.63,FirstEnergy Corp.,26231460585.0,14050000000.0,3989000000.0,1308000000.0,2.27,-983000000.0,Utilities,Utilities - Regulated Electric,FirstEnergy Corp.
328,PPG Industries,PPG,0.0004,111.45,"PPG Industries, Inc.",23393805000.0,14619000000.0,1715000000.0,1011000000.0,4.43,807000000.0,Basic Materials,Specialty Chemicals,"PPG Industries, Inc."
329,CenterPoint Energy,CNP,0.0004,38.36,"CenterPoint Energy, Inc.",25337685915.0,8982000000.0,1973000000.0,936000000.0,1.43,-3028000000.0,Utilities,Utilities - Regulated Electric,"CenterPoint Energy, Inc."
330,Dollar General,DG,0.0004,113.7,Dollar General Corporation,22477227579.0,41651642000.0,1789549000.0,1191100000.0,5.4,1854527000.0,Consumer Defensive,Discount Stores,Dollar General Corporation
331,"PTC Inc,",PTC,0.0004,208.5,PTC Inc.,24313127204.0,2471978000.0,742789000.0,512727000.0,4.25,849781000.0,Technology,Software - Application,PTC Inc.
332,Verisign,VRSN,0.0004,266.84,"VeriSign, Inc.",26567272305.0,1598200000.0,1085000000.0,799500000.0,8.38,950000000.0,Technology,Software - Infrastructure,"VeriSign, Inc."
333,Tyler Technologies,TYL,0.0004,572.64,"Tyler Technologies, Inc.",22916645993.0,2245750000.0,339282000.0,306797000.0,7.0,605144000.0,Technology,Software - Application,"Tyler Technologies, Inc."
334,"The Trade Desk, Inc,",TTD,0.0004,50.61,"The Trade Desk, Inc.",23047663297.0,2679088000.0,475019000.0,417194000.0,0.83,745781000.0,Communication Services,Advertising Agencies,"The Trade Desk, Inc."
335,Dover Corporation,DOV,0.0004,179.41,Dover Corporation,23037216759.0,7829059000.0,1352749000.0,2292968000.0,16.57,896082000.0,Industrials,Specialty Industrial Machinery,Dover Corporation
336,Huntington Bancshares,HBAN,0.0004,16.75,Huntington Bancshares Incorporated,25414275121.0,7255000000.0,2598000000.0,1988000000.0,1.35,1936000000.0,Financial Services,Banks - Regional,Huntington Bancshares Incorporated
337,Northern Trust,NTRS,0.0004,127.96,Northern Trust Corporation,25493169914.0,7851000000.0,2281500000.0,1691800000.0,8.51,1759200000.0,Financial Services,Asset Management,Northern Trust Corporation
338,Eversource Energy,ES,0.0004,65.59,Eversource Energy,25892706178.0,12991135000.0,2549682000.0,857979000.0,2.32,-1013398000.0,Utilities,Utilities - Regulated Electric,Eversource Energy
339,Equity Residential,EQR,0.0004,63.6,Equity Residential,24643881618.0,3044764000.0,856040000.0,1010087000.0,2.65,17951000.0,Real Estate,REIT - Residential,Equity Residential
340,Steris,STE,0.0004,245.62,STERIS plc,24532040142.0,5571113000.0,927110000.0,646640000.0,6.53,918031000.0,Healthcare,Medical Devices,STERIS plc
341,Cincinnati Financial,CINF,0.0004,154.13,Cincinnati Financial Corporation,24535460612.0,11672000000.0,2299000000.0,1820000000.0,11.53,2588000000.0,Financial Services,Insurance - Property & Casualty,Cincinnati Financial Corporation
342,Darden Restaurants,DRI,0.0004,206.41,"Darden Restaurants, Inc.",22019547397.0,12364400000.0,1432300000.0,1100100000.0,9.32,1117100000.0,Consumer Cyclical,Restaurants,"Darden Restaurants, Inc."
343,"T, Rowe Price",TROW,0.0004,109.1,"T. Rowe Price Group, Inc.",22733935986.0,7097300000.0,2243200000.0,2038600000.0,8.95,1171600000.0,Financial Services,Asset Management,"T. Rowe Price Group, Inc."
344,Dollar Tree,DLTR,0.0004,113.78,"Dollar Tree, Inc.",20219309340.0,21778100000.0,1511400000.0,-2930800000.0,-13.57,2025600000.0,Consumer Defensive,Discount Stores,"Dollar Tree, Inc."
345,Ulta Beauty,ULTA,0.0004,528.22,"Ulta Beauty, Inc.",24750776928.0,11654555000.0,1581454000.0,1201376000.0,26.03,952124000.0,Consumer Cyclical,Specialty Retail,"Ulta Beauty, Inc."
346,Lululemon Athletica,LULU,0.0004,195.03,lululemon athletica inc.,20004422857.0,10904036000.0,2495268000.0,1785750000.0,14.66,1168145000.0,Consumer Cyclical,Apparel Retail,lululemon athletica inc.
347,Jabil,JBL,0.0004,217.76,Jabil Inc.,23163697778.0,28514000000.0,1065000000.0,577000000.0,5.28,1232000000.0,Technology,Electronic Components,Jabil Inc.
348,Hubbell Incorporated,HUBB,0.0004,439.1,Hubbell Incorporated,22596194627.0,5626400000.0,1137200000.0,830300000.0,15.4,785300000.0,Industrials,Electrical Equipment & Parts,Hubbell Incorporated
349,SBA Communications,SBAC,0.0004,216.8,SBA Communications Corporation,20855151905.0,2724524000.0,1427626000.0,878690000.0,8.14,1102219000.0,Real Estate,REIT - Specialty,SBA Communications Corporation
350,Regions Financial Corporation,RF,0.0004,25.94,Regions Financial Corporation,23762171467.0,6811000000.0,2592000000.0,1953000000.0,2.14,2384000000.0,Financial Services,Banks - Regional,Regions Financial Corporation
351,Leidos,LDOS,0.0004,179.25,"Leidos Holdings, Inc.",23722176687.0,17053000000.0,1999000000.0,1402000000.0,10.55,1339000000.0,Technology,Information Technology Services,"Leidos Holdings, Inc."
352,Smurfit WestRock,SW,0.0004,43.84,Smurfit Westrock Plc,21997128104.0,30806000000.0,1260000000.0,352000000.0,0.7,143000000.0,Consumer Cyclical,Packaging & Containers,Smurfit Westrock Plc
353,"NVR, Inc,",NVR,0.0004,8191.16,"NVR, Inc.",23052472044.0,10357069000.0,1970254000.0,1520068000.0,473.36,1210077000.0,Consumer Cyclical,Residential Construction,"NVR, Inc."
354,Expand Energy,EXE,0.0004,94.79,Expand Energy Corporation,25188668045.0,8535000000.0,460000000.0,206000000.0,-0.05,1192000000.0,Energy,Oil & Gas E&P,Expand Energy Corporation
355,Church & Dwight,CHD,0.0004,92.62,"Church & Dwight Co., Inc.",21120873857.0,6066000000.0,722200000.0,525200000.0,2.12,930600000.0,Consumer Defensive,Household & Personal Products,"Church & Dwight Co., Inc."
356,LabCorp,LH,0.0004,271.11,Labcorp Holdings Inc.,23318691000.0,13483800000.0,1191100000.0,763400000.0,9.07,1261800000.0,Healthcare,Diagnostics & Research,Labcorp Holdings Inc.
357,Corpay,CPAY,0.0004,318.38,"Corpay, Inc.",20951287436.0,4171325000.0,1863372000.0,1049753000.0,14.72,1928262000.0,Technology,Software - Infrastructure,"Corpay, Inc."
358,Insulet Corporation,PODD,0.0004,313.42,Insulet Corporation,22384826130.0,2359500000.0,407300000.0,236100000.0,3.28,382500000.0,Healthcare,Medical Devices,Insulet Corporation
359,NetApp,NTAP,0.0004,109.46,"NetApp, Inc.",23930252114.0,6590000000.0,1364000000.0,1171000000.0,5.65,1658000000.0,Technology,Software - Infrastructure,"NetApp, Inc."
360,CMS Energy,CMS,0.0004,72.43,CMS Energy Corporation,21504259518.0,8017000000.0,2099000000.0,1013000000.0,3.39,-1375000000.0,Utilities,Utilities - Regulated Electric,CMS Energy Corporation
361,CDW,CDW,0.0004,165.08,CDW Corporation,21542454656.0,21878300000.0,1671800000.0,1076700000.0,8.05,1018900000.0,Technology,Information Technology Services,CDW Corporation
362,Edison International,EIX,0.0004,56.02,Edison International,21169718725.0,17539000000.0,4694000000.0,2635000000.0,6.8,-379000000.0,Utilities,Utilities - Regulated Electric,Edison International
363,Devon Energy,DVN,0.0004,33.8,Devon Energy Corporation,23481252000.0,17163000000.0,4268000000.0,2844000000.0,4.45,-110000000.0,Energy,Oil & Gas E&P,Devon Energy Corporation
364,Global Payments,GPN,0.0004,87.44,Global Payments Inc.,20456631178.0,9485784000.0,2202561000.0,1429672000.0,5.71,3122126000.0,Industrials,Specialty Business Services,Global Payments Inc.
365,Citizens Financial Group,CFG,0.0004,48.96,"Citizens Financial Group, Inc.",23025409620.0,7208000000.0,2000000000.0,1453000000.0,3.29,1157000000.0,Financial Services,Banks - Regional,"Citizens Financial Group, Inc."
366,Lennox International,LII,0.0004,599.91,Lennox International Inc.,18332767225.0,5416600000.0,1047700000.0,834600000.0,23.39,682400000.0,Industrials,Building Products & Equipment,Lennox International Inc.
367,Texas Pacific Land Corporation,TPL,0.0004,916.02,Texas Pacific Land Corporation,21936345455.0,742873000.0,563699000.0,461746000.0,20.06,88882000.0,Energy,Oil & Gas E&P,Texas Pacific Land Corporation
368,ON Semiconductor,ON,0.0004,51.28,ON Semiconductor Corporation,20514135439.0,6398800000.0,473700000.0,465800000.0,1.07,1299900000.0,Technology,Semiconductors,ON Semiconductor Corporation
369,"Tapestry, Inc,",TPR,0.0003,97.54,"Tapestry, Inc.",22695881633.0,7010700000.0,415000000.0,183200000.0,0.82,1093900000.0,Consumer Cyclical,Luxury Goods,"Tapestry, Inc."
370,Zimmer Biomet,ZBH,0.0003,101.83,"Zimmer Biomet Holdings, Inc.",19460949468.0,7833800000.0,1260700000.0,823400000.0,4.1,-260400000.0,Healthcare,Medical Devices,"Zimmer Biomet Holdings, Inc."
371,Amcor,AMCR,0.0003,8.77,Amcor plc,18544150410.0,15009000000.0,956000000.0,511000000.0,0.32,828000000.0,Consumer Cyclical,Packaging & Containers,Amcor plc
372,KeyCorp,KEY,0.0003,18.28,KeyCorp,20713184199.0,4743000000.0,135000000.0,33000000.0,-0.08,1560000000.0,Financial Services,Banks - Regional,KeyCorp
373,NiSource,NI,0.0003,42.47,NiSource Inc.,20044297733.0,6130300000.0,1657400000.0,886600000.0,1.89,-1294800000.0,Utilities,Utilities - Regulated Gas,NiSource Inc.
374,Quest Diagnostics,DGX,0.0003,178.3,Quest Diagnostics Incorporated,21133512115.0,10522000000.0,1475000000.0,950000000.0,8.35,1224000000.0,Healthcare,Diagnostics & Research,Quest Diagnostics Incorporated
375,Tyson Foods,TSN,0.0003,55.98,"Tyson Foods, Inc.",19223956311.0,54146000000.0,1465000000.0,784000000.0,2.2,1550000000.0,Consumer Defensive,Farm Products,"Tyson Foods, Inc."
376,"Trimble Inc,",TRMB,0.0003,83.64,Trimble Inc.,19332609115.0,3575500000.0,515200000.0,286700000.0,1.16,287100000.0,Technology,Scientific & Technical Instruments,Trimble Inc.
377,GoDaddy,GDDY,0.0003,143.42,GoDaddy Inc.,19576691004.0,4752100000.0,1305400000.0,808500000.0,5.6,1453200000.0,Technology,Software - Infrastructure,GoDaddy Inc.
378,Loews Corporation,L,0.0003,95.43,Loews Corporation,20804867419.0,18061000000.0,2205000000.0,1349000000.0,6.3,3071000000.0,Financial Services,Insurance - Property & Casualty,Loews Corporation
379,Biogen,BIIB,0.0003,134.71,Biogen Inc.,20140447327.0,9997000000.0,1797700000.0,1530500000.0,10.46,1832300000.0,Healthcare,Drug Manufacturers - General,Biogen Inc.
380,Gen Digital,GEN,0.0003,31.75,Gen Digital Inc.,17737030454.0,4227000000.0,1639000000.0,597000000.0,0.97,1358000000.0,Technology,Software - Infrastructure,Gen Digital Inc.
381,First Solar,FSLR,0.0003,180.6,"First Solar, Inc.",23596628173.0,4343437000.0,1361619000.0,1257475000.0,11.7,-942701000.0,Technology,Solar,"First Solar, Inc."
382,Erie Indemnity,ERIE,0.0003,367.24,Erie Indemnity Company,14595283597.0,3973472000.0,697984000.0,624961000.0,11.96,564035000.0,Financial Services,Insurance Brokers,Erie Indemnity Company
383,Genuine Parts Company,GPC,0.0003,137.26,Genuine Parts Company,19151617961.0,23770865000.0,1175927000.0,808910000.0,5.81,319773000.0,Consumer Cyclical,Auto Parts,Genuine Parts Company
384,Weyerhaeuser,WY,0.0003,26.29,Weyerhaeuser Company,17705879940.0,7036000000.0,576000000.0,279000000.0,0.38,269000000.0,Real Estate,REIT - Specialty,Weyerhaeuser Company
385,McCormick & Company,MKC,0.0003,70.13,"McCormick & Company, Incorporated",17640343697.0,6742800000.0,1063700000.0,702400000.0,2.87,551800000.0,Consumer Defensive,Packaged Foods,"McCormick & Company, Incorporated"
386,Steel Dynamics,STLD,0.0003,127.04,"Steel Dynamics, Inc.",20554176762.0,17148071000.0,1290938000.0,1040972000.0,6.88,-107428000.0,Basic Materials,Steel,"Steel Dynamics, Inc."
387,Invitation Homes,INVH,0.0003,30.3,Invitation Homes Inc.,17887579860.0,2675332000.0,939849000.0,545011000.0,0.88,505414000.0,Real Estate,REIT - Residential,Invitation Homes Inc.
388,Gartner,IT,0.0003,244.23,"Gartner, Inc.",20001066102.0,6420009000.0,1168747000.0,1265344000.0,16.24,1511672000.0,Technology,Information Technology Services,"Gartner, Inc."
389,"F5, Inc,",FFIV,0.0003,318.99,"F5, Inc.",18662862118.0,3024656000.0,751321000.0,667183000.0,11.35,954924000.0,Technology,Software - Infrastructure,"F5, Inc."
390,Coterra,CTRA,0.0003,23.95,Coterra Energy Inc.,18185625533.0,6623000000.0,2063000000.0,1576000000.0,2.09,1492000000.0,Energy,Oil & Gas E&P,Coterra Energy Inc.
391,Halliburton,HAL,0.0003,21.1,Halliburton Company,21408838781.0,22234000000.0,2961000000.0,1862000000.0,2.14,2353000000.0,Energy,Oil & Gas Equipment & Services,Halliburton Company
392,Teradyne,TER,0.0003,111.79,"Teradyne, Inc.",21524239615.0,2827659000.0,517196000.0,469170000.0,2.89,568899000.0,Technology,Semiconductor Equipment & Materials,"Teradyne, Inc."
393,Packaging Corporation of America,PKG,0.0003,197.42,Packaging Corporation of America,19430918189.0,8640800000.0,1239400000.0,904500000.0,10.02,625400000.0,Consumer Cyclical,Packaging & Containers,Packaging Corporation of America
394,Ralph Lauren Corporation,RL,0.0003,293.17,Ralph Lauren Corporation,18897312584.0,7285900000.0,997200000.0,794700000.0,12.53,763800000.0,Consumer Cyclical,Apparel Manufacturing,Ralph Lauren Corporation
395,Jacobs Solutions,J,0.0003,148.44,Jacobs Solutions Inc.,17674662306.0,11835289000.0,848285000.0,492524000.0,4.01,420515000.0,Industrials,Engineering & Construction,Jacobs Solutions Inc.
396,West Pharmaceutical Services,WST,0.0003,245.65,"West Pharmaceutical Services, Inc.",18805203634.0,2960200000.0,581600000.0,487700000.0,6.68,344000000.0,Healthcare,Medical Instruments & Supplies,"West Pharmaceutical Services, Inc."
397,Pentair,PNR,0.0003,106.58,Pentair plc,17993094549.0,4099800000.0,795800000.0,609400000.0,3.66,837700000.0,Industrials,Specialty Industrial Machinery,Pentair plc
398,Waters Corporation,WAT,0.0003,293.5,Waters Corporation,17363783962.0,3046056000.0,843353000.0,661393000.0,11.09,619355000.0,Healthcare,Diagnostics & Research,Waters Corporation
399,Principal Financial Group,PFG,0.0003,77.93,"Principal Financial Group, Inc.",18405128595.0,15130800000.0,1350600000.0,1139700000.0,4.92,4302500000.0,Financial Services,Asset Management,"Principal Financial Group, Inc."
400,LyondellBasell,LYB,0.0003,53.19,LyondellBasell Industries N.V.,15905514814.0,35154000000.0,542000000.0,255000000.0,0.78,463000000.0,Basic Materials,Specialty Chemicals,LyondellBasell Industries N.V.
401,Snap-on,SNA,0.0003,326.15,Snap-on Incorporated,17835178179.0,5070900000.0,1296700000.0,1000000000.0,18.75,1024400000.0,Industrials,Tools & Accessories,Snap-on Incorporated
402,Incyte,INCY,0.0003,86.37,Incyte Corporation,16149337192.0,4584996000.0,1183080000.0,870870000.0,4.33,958083000.0,Healthcare,Biotechnology,Incyte Corporation
403,International Flavors & Fragrances,IFF,0.0003,65.69,International Flavors & Fragrances Inc.,15561751558.0,11303000000.0,-424000000.0,-393000000.0,-1.55,570000000.0,Basic Materials,Specialty Chemicals,International Flavors & Fragrances Inc.
404,Evergy,EVRG,0.0003,72.92,"Evergy, Inc.",17047604108.0,5880300000.0,1485100000.0,840100000.0,3.64,-138200000.0,Utilities,Utilities - Regulated Electric,"Evergy, Inc."
405,Alliant Energy,LNT,0.0003,64.81,Alliant Energy Corporation,16977941830.0,4146000000.0,1014000000.0,832000000.0,3.25,-1061000000.0,Utilities,Utilities - Regulated Electric,Alliant Energy Corporation
406,Zebra Technologies,ZBRA,0.0003,327.52,Zebra Technologies Corporation,15241850915.0,5190000000.0,794000000.0,548000000.0,10.59,853000000.0,Technology,Communication Equipment,Zebra Technologies Corporation
407,"Dow Inc,",DOW,0.0003,23.31,Dow Inc.,16275061707.0,41819000000.0,289000000.0,-981000000.0,-1.4,-1790000000.0,Basic Materials,Chemicals,Dow Inc.
408,Essex Property Trust,ESS,0.0003,255.71,"Essex Property Trust, Inc.",17247397092.0,1839583000.0,557280000.0,800349000.0,12.44,-237346000.0,Real Estate,REIT - Residential,"Essex Property Trust, Inc."
409,Mid-America Apartment Communities,MAA,0.0003,139.97,"Mid-America Apartment Communities, Inc.",16339618731.0,2200155000.0,636044000.0,567953000.0,4.86,355878000.0,Real Estate,REIT - Residential,"Mid-America Apartment Communities, Inc."
410,Bunge Global,BG,0.0003,81.48,Bunge Global SA,16399083615.0,50862000000.0,1502000000.0,1378000000.0,9.91,-536000000.0,Consumer Defensive,Farm Products,Bunge Global SA
411,Expeditors International,EXPD,0.0003,120.06,"Expeditors International of Washington, Inc.",16535944477.0,11273140000.0,1116222000.0,852821000.0,6.12,810153000.0,Industrials,Integrated Freight & Logistics,"Expeditors International of Washington, Inc."
412,Fortive,FTV,0.0003,47.84,Fortive Corporation,16419462823.0,6147900000.0,1058400000.0,768900000.0,2.22,1438000000.0,Technology,Scientific & Technical Instruments,Fortive Corporation
413,Aptiv,APTV,0.0003,74.15,Aptiv PLC,18775250904.0,19794000000.0,1916000000.0,1013000000.0,4.43,1663000000.0,Consumer Cyclical,Auto Parts,Aptiv PLC
414,Southwest Airlines,LUV,0.0003,30.62,Southwest Airlines Co.,17084356174.0,27472000000.0,318000000.0,392000000.0,0.66,-263000000.0,Industrials,Airlines,Southwest Airlines Co.
415,TKO Group Holdings,TKO,0.0003,191.7,"TKO Group Holdings, Inc.",16348525789.0,3900711000.0,827802000.0,210914000.0,2.43,806520000.0,Communication Services,Entertainment,"TKO Group Holdings, Inc."
416,Hormel Foods,HRL,0.0003,28.34,Hormel Foods Corporation,13592098937.0,12058590000.0,956459000.0,754530000.0,1.37,627870000.0,Consumer Defensive,Packaged Foods,Hormel Foods Corporation
417,Masco,MAS,0.0003,73.47,Masco Corporation,14747574520.0,7663000000.0,1346000000.0,805000000.0,3.77,871000000.0,Industrials,Building Products & Equipment,Masco Corporation
418,Deckers Brands,DECK,0.0003,103.41,Deckers Outdoor Corporation,15690277399.0,5124803000.0,1211572000.0,989669000.0,6.52,891608000.0,Consumer Cyclical,Footwear & Accessories,Deckers Outdoor Corporation
419,Domino's,DPZ,0.0003,449.32,"Domino's Pizza, Inc.",14793242326.0,4781233000.0,907622000.0,597110000.0,17.22,613174000.0,Consumer Cyclical,Restaurants,"Domino's Pizza, Inc."
420,Builders FirstSource,BLDR,0.0003,137.97,"Builders FirstSource, Inc.",13066647244.0,15944360000.0,1227897000.0,756362000.0,6.61,1211954000.0,Industrials,Building Products & Equipment,"Builders FirstSource, Inc."
421,Best Buy,BBY,0.0003,72.08,"Best Buy Co., Inc.",15999211330.0,41598000000.0,1037000000.0,778000000.0,3.63,1352000000.0,Consumer Cyclical,Specialty Retail,"Best Buy Co., Inc."
422,Hologic,HOLX,0.0003,68.01,"Hologic, Inc.",14948799943.0,4038900000.0,707400000.0,557100000.0,2.4,916700000.0,Healthcare,Medical Instruments & Supplies,"Hologic, Inc."
423,Clorox,CLX,0.0003,121.3,The Clorox Company,15214068007.0,7104000000.0,1284000000.0,810000000.0,6.52,761000000.0,Consumer Defensive,Household & Personal Products,The Clorox Company
424,Omnicom Group,OMC,0.0003,75.54,Omnicom Group Inc.,14926348597.0,15910800000.0,2177200000.0,1379200000.0,6.98,1767100000.0,Communication Services,Advertising Agencies,Omnicom Group Inc.
425,Cooper Companies (The),COO,0.0003,73.28,"The Cooper Companies, Inc.",13476356858.0,4045700000.0,740900000.0,407800000.0,2.04,411900000.0,Healthcare,Medical Instruments & Supplies,"The Cooper Companies, Inc."
426,Ball Corporation,BALL,0.0003,53.64,Ball Corporation,13465927325.0,12397000000.0,978000000.0,556000000.0,2.08,376000000.0,Consumer Cyclical,Packaging & Containers,Ball Corporation
427,Allegion,ALLE,0.0002,167.77,Allegion plc,15023999465.0,3876600000.0,815700000.0,626200000.0,7.21,682300000.0,Industrials,Security & Protection Services,Allegion plc
428,Textron,TXT,0.0002,80.51,Textron Inc.,14878360080.0,14062000000.0,1037000000.0,816000000.0,4.43,569000000.0,Industrials,Aerospace & Defense,Textron Inc.
429,"C,H, Robinson",CHRW,0.0002,121.32,"C.H. Robinson Worldwide, Inc.",15565596063.0,17012580000.0,756690000.0,534308000.0,4.4,640926000.0,Industrials,Integrated Freight & Logistics,"C.H. Robinson Worldwide, Inc."
430,Kimco Realty,KIM,0.0002,21.16,Kimco Realty Corporation,14620758298.0,2094828000.0,723979000.0,563421000.0,0.83,474477000.0,Real Estate,REIT - Retail,Kimco Realty Corporation
432,FactSet,FDS,0.0002,376.21,FactSet Research Systems Inc.,10952244360.0,2287034000.0,698840000.0,532920000.0,13.85,576522000.0,Financial Services,Financial Data & Stock Exchanges,FactSet Research Systems Inc.
433,Everest Group,EG,0.0002,336.53,"Everest Group, Ltd.",14642822321.0,17675000000.0,1046000000.0,806000000.0,19.18,4525000000.0,Financial Services,Insurance - Reinsurance,"Everest Group, Ltd."
434,"J,B, Hunt",JBHT,0.0002,143.74,"J.B. Hunt Transport Services, Inc.",13015631323.0,12064092000.0,807101000.0,553884000.0,5.5,797748000.0,Industrials,Integrated Freight & Logistics,"J.B. Hunt Transport Services, Inc."
435,Avery Dennison,AVY,0.0002,177.25,Avery Dennison Corporation,12535541236.0,8737900000.0,1120800000.0,711000000.0,8.92,618000000.0,Consumer Cyclical,Packaging & Containers,Avery Dennison Corporation
436,CF Industries,CF,0.0002,85.16,"CF Industries Holdings, Inc.",14922568344.0,6447000000.0,1897000000.0,1302000000.0,7.65,1800000000.0,Basic Materials,Agricultural Inputs,"CF Industries Holdings, Inc."
437,Franklin Resources,BEN,0.0002,25.62,"Franklin Resources, Inc.",12081678703.0,8638200000.0,368000000.0,322600000.0,0.52,1451900000.0,Financial Services,Asset Management,"Franklin Resources, Inc."
438,Centene Corporation,CNC,0.0002,26.91,Centene Corporation,17120896380.0,178190000000.0,1916000000.0,2054000000.0,4.1,1080000000.0,Healthcare,Healthcare Plans,Centene Corporation
439,Regency Centers,REG,0.0002,71.13,Regency Centers Corporation,12984693017.0,1494562000.0,551547000.0,389904000.0,2.13,441434000.0,Real Estate,REIT - Retail,Regency Centers Corporation
440,Fox Corporation (Class B),FOX,0.0002,54.44,Fox Corporation,25157073850.0,16300000000.0,2879000000.0,2263000000.0,4.91,2993000000.0,Communication Services,Entertainment,Fox Corporation
441,Alexandria Real Estate Equities,ARE,0.0002,74.36,"Alexandria Real Estate Equities, Inc.",14500896160.0,3100750000.0,515476000.0,-21458000.0,-0.13,462256000.0,Real Estate,REIT - Office,"Alexandria Real Estate Equities, Inc."
442,Solventum,SOLV,0.0002,72.96,Solventum Corporation,12374687286.0,8388000000.0,777000000.0,380000000.0,2.17,147000000.0,Healthcare,Medical Instruments & Supplies,Solventum Corporation
443,"UDR, Inc,",UDR,0.0002,38.18,"UDR, Inc.",12319488673.0,1690235000.0,335728000.0,127135000.0,0.38,562866000.0,Real Estate,REIT - Residential,"UDR, Inc."
444,Fox Corporation (Class A),FOXA,0.0002,59.82,Fox Corporation,27245100232.0,16300000000.0,2879000000.0,2263000000.0,4.91,2993000000.0,Communication Services,Entertainment,Fox Corporation
445,IDEX Corporation,IEX,0.0002,166.61,IDEX Corporation,12147603273.0,3340800000.0,667200000.0,469400000.0,6.19,587000000.0,Industrials,Specialty Industrial Machinery,IDEX Corporation
446,Baxter International,BAX,0.0002,24.37,Baxter International Inc.,11289390921.0,10887000000.0,-31000000.0,-155000000.0,-0.3,333000000.0,Healthcare,Medical Instruments & Supplies,Baxter International Inc.
447,Viatris,VTRS,0.0002,10.69,Viatris Inc.,11099102649.0,14115700000.0,-2603100000.0,-3468300000.0,-2.9,1765700000.0,Healthcare,Drug Manufacturers - Specialty & Generic,Viatris Inc.
448,Paycom,PAYC,0.0002,218.79,"Paycom Software, Inc.",12236661919.0,1959907000.0,550746000.0,415743000.0,7.4,359190000.0,Technology,Software - Application,"Paycom Software, Inc."
449,Nordson Corporation,NDSN,0.0002,216.71,Nordson Corporation,12755846185.0,2784349000.0,676356000.0,455008000.0,7.96,543336000.0,Industrials,Specialty Industrial Machinery,Nordson Corporation
450,Pool Corporation,POOL,0.0002,328.1,Pool Corporation,11414085927.0,5276414000.0,587211000.0,410804000.0,10.86,433602000.0,Industrials,Industrial Distribution,Pool Corporation
451,"J,M, Smucker Company (The)",SJM,0.0002,111.51,The J. M. Smucker Company,11651086324.0,8714300000.0,-977800000.0,-1459700000.0,-13.71,685400000.0,Consumer Defensive,Packaged Foods,The J. M. Smucker Company
452,Healthpeak Properties,DOC,0.0002,17.08,"Healthpeak Properties, Inc.",13161850200.0,2795622000.0,460551000.0,163996000.0,0.23,680754000.0,Real Estate,REIT - Healthcare Facilities,"Healthpeak Properties, Inc."
453,Jack Henry & Associates,JKHY,0.0002,159.92,"Jack Henry & Associates, Inc.",10885527491.0,2375288000.0,568715000.0,455748000.0,6.24,415704000.0,Technology,Information Technology Services,"Jack Henry & Associates, Inc."
454,Generac,GNRC,0.0002,197.51,Generac Holdings Inc.,9873402275.0,4411654000.0,562065000.0,348824000.0,6.01,511592000.0,Industrials,Specialty Industrial Machinery,Generac Holdings Inc.
455,Stanley Black & Decker,SWK,0.0002,74.47,"Stanley Black & Decker, Inc.",11431407441.0,15161600000.0,937600000.0,478300000.0,3.16,413600000.0,Industrials,Tools & Accessories,"Stanley Black & Decker, Inc."
456,Wynn Resorts,WYNN,0.0002,110.76,"Wynn Resorts, Limited",13409853203.0,6970314000.0,1033321000.0,383884000.0,3.37,742945000.0,Consumer Cyclical,Resorts & Casinos,"Wynn Resorts, Limited"
457,Universal Health Services,UHS,0.0002,178.91,"Universal Health Services, Inc.",12782588894.0,16460285000.0,1811749000.0,1261009000.0,18.97,901523000.0,Healthcare,Medical Care Facilities,"Universal Health Services, Inc."
458,Camden Property Trust,CPT,0.0002,105.93,Camden Property Trust,11433241789.0,1585409000.0,341588000.0,155979000.0,1.43,138884000.0,Real Estate,REIT - Residential,Camden Property Trust
459,Hasbro,HAS,0.0002,80.43,"Hasbro, Inc.",10600177699.0,4250800000.0,-227800000.0,-568300000.0,-4.06,500200000.0,Consumer Cyclical,Leisure,"Hasbro, Inc."
460,News Corp (Class A),NWSA,0.0002,29.79,News Corporation,17725063146.0,8452000000.0,824000000.0,1180000000.0,2.07,727000000.0,Communication Services,Entertainment,News Corporation
461,Globe Life,GL,0.0002,137.97,Globe Life Inc.,11709871164.0,5883393000.0,1455715000.0,1065502000.0,12.51,1348336000.0,Financial Services,Insurance - Life,Globe Life Inc.
462,Skyworks Solutions,SWKS,0.0002,74.59,"Skyworks Solutions, Inc.",11801475932.0,4011700000.0,448400000.0,396200000.0,2.5,1355100000.0,Technology,Semiconductors,"Skyworks Solutions, Inc."
463,Norwegian Cruise Line Holdings,NCLH,0.0002,24.34,Norwegian Cruise Line Holdings Ltd.,11321218163.0,9560994000.0,1530729000.0,719165000.0,1.45,-504477000.0,Consumer Cyclical,Travel Services,Norwegian Cruise Line Holdings Ltd.
464,Host Hotels & Resorts,HST,0.0002,15.98,"Host Hotels & Resorts, Inc.",12066377509.0,5927000000.0,854000000.0,659000000.0,0.94,1099000000.0,Real Estate,REIT - Hotel & Motel,"Host Hotels & Resorts, Inc."
465,Pinnacle West,PNW,0.0002,91.87,Pinnacle West Capital Corporation,10361507689.0,5255240000.0,996298000.0,576059000.0,4.83,-518782000.0,Utilities,Utilities - Regulated Electric,Pinnacle West Capital Corporation
466,Assurant,AIZ,0.0002,212.67,"Assurant, Inc.",10880015076.0,12304900000.0,981200000.0,717000000.0,13.8,968800000.0,Financial Services,Insurance - Property & Casualty,"Assurant, Inc."
467,Akamai Technologies,AKAM,0.0002,74.25,"Akamai Technologies, Inc.",10904469404.0,4083251000.0,524741000.0,424601000.0,2.82,678914000.0,Technology,Software - Infrastructure,"Akamai Technologies, Inc."
468,Huntington Ingalls Industries,HII,0.0002,267.84,"Huntington Ingalls Industries, Inc.",10939110704.0,11569000000.0,516000000.0,525000000.0,13.36,681000000.0,Industrials,Aerospace & Defense,"Huntington Ingalls Industries, Inc."
469,Revvity,RVTY,0.0002,89.43,"Revvity, Inc.",9757061075.0,2798467000.0,379891000.0,285197000.0,2.36,502965000.0,Healthcare,Diagnostics & Research,"Revvity, Inc."
471,Align Technology,ALGN,0.0002,143.07,"Align Technology, Inc.",9147054778.0,3964802000.0,600580000.0,437608000.0,5.93,631537000.0,Healthcare,Medical Instruments & Supplies,"Align Technology, Inc."
472,Moderna,MRNA,0.0002,26.63,"Moderna, Inc.",9528563249.0,3078000000.0,-3273000000.0,-2903000000.0,-7.53,-3500000000.0,Healthcare,Biotechnology,"Moderna, Inc."
473,"BXP, Inc,",BXP,0.0002,65.01,"BXP, Inc.",11849656032.0,3451470000.0,1028026000.0,4928000.0,0.03,49737000.0,Real Estate,REIT - Office,"BXP, Inc."
474,Mosaic Company (The),MOS,0.0002,32.07,The Mosaic Company,11209802474.0,11253400000.0,798200000.0,940000000.0,2.95,4300000.0,Basic Materials,Agricultural Inputs,The Mosaic Company
475,"A, O, Smith",AOS,0.0002,72.36,A. O. Smith Corporation,10152387564.0,3790200000.0,687800000.0,518600000.0,3.6,494600000.0,Industrials,Specialty Industrial Machinery,A. O. Smith Corporation
476,Molson Coors Beverage Company,TAP,0.0002,51.22,Molson Coors Beverage Company,9145287543.0,11283200000.0,1595200000.0,1037300000.0,5.07,979400000.0,Consumer Defensive,Beverages - Brewers,Molson Coors Beverage Company
477,MGM Resorts,MGM,0.0002,36.15,MGM Resorts International,9690001095.0,17211652000.0,1414425000.0,539515000.0,1.82,1306774000.0,Consumer Cyclical,Resorts & Casinos,MGM Resorts International
478,Paramount Skydance Corp,PSKY,0.0002,14.31,Paramount Skydance Corporation,12685977891.0,28756000000.0,1244000000.0,-14000000.0,-0.02,507000000.0,Communication Services,Entertainment,Paramount Skydance Corporation
479,Campbell Soup Company,CPB,0.0002,32.34,The Campbell's Company,9559850875.0,10253000000.0,1124000000.0,602000000.0,2.01,705000000.0,Consumer Defensive,Packaged Foods,The Campbell's Company
480,DaVita,DVA,0.0002,133.94,DaVita Inc.,9352200000.0,13161328000.0,2050019000.0,836271000.0,10.15,1288221000.0,Healthcare,Medical Care Facilities,DaVita Inc.
481,Albemarle Corporation,ALB,0.0002,81.27,Albemarle Corporation,10367866309.0,4993278000.0,-1037140000.0,-1096204000.0,-9.32,-128851000.0,Basic Materials,Specialty Chemicals,Albemarle Corporation
482,Invesco,IVZ,0.0002,21.26,Invesco Ltd.,10132296923.0,6153100000.0,903700000.0,29400000.0,0.93,1156300000.0,Financial Services,Asset Management,Invesco Ltd.
483,Interpublic Group of Companies (The),IPG,0.0002,25.88,"The Interpublic Group of Companies, Inc.",9651119377.0,10345200000.0,902500000.0,441700000.0,1.18,839700000.0,Communication Services,Advertising Agencies,"The Interpublic Group of Companies, Inc."
484,Match Group,MTCH,0.0002,38.83,"Match Group, Inc.",8720146607.0,3450576000.0,800562000.0,537812000.0,2.03,907640000.0,Communication Services,Internet Content & Information,"Match Group, Inc."
485,Conagra Brands,CAG,0.0002,19.4,"Conagra Brands, Inc.",8695609534.0,11612800000.0,1420000000.0,1152400000.0,2.4,1306000000.0,Consumer Defensive,Packaged Foods,"Conagra Brands, Inc."
486,AES Corporation,AES,0.0002,12.91,The AES Corporation,9427536227.0,12032000000.0,1370000000.0,1013000000.0,1.42,-2551000000.0,Utilities,Utilities - Diversified,The AES Corporation
487,EPAM Systems,EPAM,0.0002,160.21,"EPAM Systems, Inc.",8457018663.0,5071013000.0,539297000.0,401153000.0,7.01,409728000.0,Technology,Information Technology Services,"EPAM Systems, Inc."
488,CarMax,KMX,0.0001,57.94,"CarMax, Inc.",6732229920.0,26367719000.0,810740000.0,521066000.0,3.42,685593000.0,Consumer Cyclical,Auto & Truck Dealerships,"CarMax, Inc."
489,Molina Healthcare,MOH,0.0001,159.02,"Molina Healthcare, Inc.",10405316000.0,43413000000.0,1653000000.0,1130000000.0,20.3,427000000.0,Healthcare,Healthcare Plans,"Molina Healthcare, Inc."
490,Dayforce,DAY,0.0001,53.55,Dayforce Inc.,10996493446.0,1851700000.0,122600000.0,49000000.0,0.29,224200000.0,Technology,Software - Application,Dayforce Inc
491,Bio-Techne,TECH,0.0001,53.62,Bio-Techne Corporation,8167127966.0,1219635000.0,102255000.0,73400000.0,0.46,256550000.0,Healthcare,Biotechnology,Bio-Techne Corporation
492,Henry Schein,HSIC,0.0001,67.91,"Henry Schein, Inc.",8010990372.0,12773000000.0,638000000.0,389000000.0,3.11,334000000.0,Healthcare,Medical Distribution,"Henry Schein, Inc."
493,LKQ Corporation,LKQ,0.0001,31.58,LKQ Corporation,7795983718.0,14046000000.0,1180000000.0,708000000.0,2.74,676000000.0,Consumer Cyclical,Auto Parts,LKQ Corporation
494,Federal Realty Investment Trust,FRT,0.0001,93.55,Federal Realty Investment Trust,8585204660.0,1235754000.0,446596000.0,338142000.0,3.94,165690000.0,Real Estate,REIT - Retail,Federal Realty Investment Trust
495,Mohawk Industries,MHK,0.0001,128.66,"Mohawk Industries, Inc.",7989542435.0,10684100000.0,618800000.0,474300000.0,7.52,481100000.0,Consumer Cyclical,"Furnishings, Fixtures & Appliances","Mohawk Industries, Inc."
496,Lamb Weston,LW,0.0001,54.5,"Lamb Weston Holdings, Inc.",7695167859.0,6451300000.0,665100000.0,357200000.0,2.5,230100000.0,Consumer Defensive,Packaged Foods,"Lamb Weston Holdings, Inc."
497,Eastman Chemical Company,EMN,0.0001,66.13,Eastman Chemical Company,7201140557.0,9286000000.0,1267000000.0,832000000.0,7.11,409000000.0,Basic Materials,Specialty Chemicals,Eastman Chemical Company
498,Charles River Laboratories,CRL,0.0001,154.0,"Charles River Laboratories International, Inc.",7311258284.0,4028615000.0,124521000.0,-69225000.0,-1.28,578495000.0,Healthcare,Diagnostics & Research,"Charles River Laboratories International, Inc."
499,APA Corporation,APA,0.0001,20.48,APA Corporation,8833747697.0,10266000000.0,2151000000.0,1081000000.0,3.01,1570000000.0,Energy,Oil & Gas E&P,APA Corporation
500,MarketAxess,MKTX,0.0001,187.9,MarketAxess Holdings Inc.,6730710068.0,837157000.0,347277000.0,222842000.0,5.94,351789000.0,Financial Services,Capital Markets,MarketAxess Holdings Inc.
501,News Corp (Class B),NWS,0.0001,34.4,News Corporation,17725063145.0,8452000000.0,824000000.0,1180000000.0,0.84,727000000.0,Communication Services,Entertainment,News Corporation
502,Caesars Entertainment,CZR,0.0001,25.3,"Caesars Entertainment, Inc.",5624091215.0,11374000000.0,2327000000.0,-195000000.0,-0.92,622000000.0,Consumer Cyclical,Resorts & Casinos,"Caesars Entertainment, Inc."
503,Enphase Energy,ENPH,0.0001,31.94,"Enphase Energy, Inc.",4772403142.0,1482823000.0,173521000.0,174704000.0,1.28,373009000.0,Technology,Solar,"Enphase Energy, Inc."
